x1.1,x1.2,x1.3,x1.4,x2.1,x2.2,x2.3,x2.4,x2.5,x2.5_5_TEXT,x2.6,x2.7,x2.7_6_TEXT,x2.8,x2.9,x2.10,x2.10_8_TEXT,x2.11,x2.12,x2.12_10_TEXT,x2.13,x2.14,x2.14_5_TEXT,x2.15,x2.16,x2.16_7_TEXT,x2.17,x2.18,x2.19.1,x2.19.2,x2.19.3,x2.20,x2.21,x2.21_9_TEXT,x3.1,x3.1_1_TEXT,x3.2,x3.3,x3.3_7_TEXT,x3.4,x3.5,x3.6,x3.7,x3.8,x3.9,x3.10,x3.11,x3.12,x3.13,x3.13_8_TEXT,x3.14,x3.14_7_TEXT,x3.15,x3.16,x3.17,x3.17_7_TEXT,x3.18,x3.19,x3.20,x4.1,x4.2,x4.3,x4.4,x4.5,x4.6,x4.7,x4.8,x4.9,x4.10,x4.10_1_TEXT,x4.11,x4.12,x4.13,x4.14,x4.15,x4.16,x4.17,x4.18,x4.19,x4.20,x4.21,x4.22,x5.23,x4.24,x4.25,x4.26,x4.27,x4.28,x4.29,x4.30,x5.1,x5.2,x5.3,x5.4,x5.5,x5.6,x5.7,x5.8,x5.9,x5.10,x5.11,x5.12,x5.13,x5.14,x5.15,x5.16,x6.1,x6.2,x6.3,x6.4,x7.1,x7.2,x7.3,x7.4,x7.5,x7.6,x7.7,x7.8,x7.9,x7.9_6_TEXT,x7.10,x7.11,x7.12,x7.13,x7.14,x7.15,x7.16,x7.17,x8.1,x8.2,x8.3,x8.4,x8.5,x8.6,x8.7,x8.8,x8.9,x9.1,x9.2,x9.3,x9.4,x9.5,x9.6,x9.7,x9.8,x9.9
4,345,22,,18,1,1,,4,,,1,,1,2,1,,2,4,,1,3,,7,2,,4,1,1,2,1,1,3,,1,13,2,1,,1,1,2,1,2,,2,,2,7,,6,,1,4,6,,2,2,2,2,,,,,,,2,,,,,,,,,,,,,,,,,,,,,,,,,,,,,,,,,,,,,,,,1,3,1,1,1,2,,2,,1,4,2,4,,1,4,6,,1,1,1,1,2,1,5,1,5,5,1,5,5,4,2,2,2,2,2,2,2,2
4,344,22,,19,1,,,,,,1,,5,1,1,,2,4,,2,2,,3,2,,3,1,2,3,1,1,3,,1,17,2,1,,2,2,2,1,1,18,2,1,1,1,,1,,2,5,6,,1,2,2,1,2,1,1,1,1,2,1,18,1,,2,2,,1,2,1,2,2,2,1,1,1,1,1,1,2,2,2,2,2,1,2,1,2,2,1,1,2,1,4,2,1,2,2,2,3,2,2,2,2,1,2,5,2,5,1,4,2,4,,2,4,6,,1,1,2,1,1,1,4,4,3,4,2,4,4,2,2,3,2,3,2,3,2,2
5,1000,37,2025-03-20,19,1,,,,,,1,,5,1,5,,4,5,,2,1,,7,1,,4,1,2,2,3,1,2,,1,17,1,1,,3,2,2,2,2,,,,,,,,,,,1,,2,2,2,2,,,,,,,2,,,,,,,,,,,,,,,,,,,,,,,,,,,,,,,,,,,,,,,,2,2,,,1,2,,2,,1,5,3,,,2,3,4,4,,1,1,1,,,5,5,5,5,,,5,,,,1,1,1,1,1,1
5,30,,2025-03-20,17,2,2,,,,11,2,,4,1,6,,2,4,,2,3,,4,1,,3,1,2,2,1,1,2,,,,,,,,,,,2,,,,,,,,,,,,,,,,,,,,,,,,,,,,,,,,,,,,,,,,,,,,,,,,,,,,,,,,,,,,,,,1,1,1,1,1,,,2,,1,3,1,,,1,,3,4,1,1,1,2,1,1,5,5,5,5,1,5,5,1,1,2,2,,2,1,2,1
5,30200,,2025-03-20,16,2,1,8,,,,4,,1,1,6,,2,3,,2,2,,,1,,3,1,4,2,1,1,3,,,,,,,,,,,1,,1,2,1,2,,1,,,,,,1,1,2,1,1,1,1,1,1,1,,,,,,,,,,,,,,,,,,,,,,,,,,,,,,,,,,,,,,,,,1,1,1,1,2,1,2,1,3,1,2,1,1,,1,1,1,1,1,1,1,1,,,4,5,4,5,1,4,4,1,2,1,2,3,2,3,2,2
5,1001,37,2025-03-20,19,1,2,,,,,1,,5,1,6,,2,1,,2,2,,4,1,,5,1,2,2,3,1,2,,1,15,2,1,,3,1,2,1,1,,3,7,1,1,,8,,2,,5,,2,2,2,2,,,,,,,2,,,,,,,,,,,,,,,,,,,,,,,,,,,,,,,,,,,,,,,,2,,2,2,1,2,,2,,1,5,2,,,2,4,5,,,,,,,,5,5,5,5,5,5,5,1,1,1,1,1,1,1,1,1
5,1002,31,2025-03-20,20,1,2,,,,11,1,,5,1,6,,2,3,,2,2,,7,2,,3,1,3,3,1,1,4,,1,14,2,2,,3,1,1,2,1,18,2,3,1,1,,1,,1,4,3,,1,2,2,2,,,,,,,2,,,,,,,,,,,,,,,,,,,,,,,,,,,,,,,,,,,,,,,,2,2,2,2,1,2,,2,5,1,3,2,4,,1,4,3,4,2,2,1,2,1,2,1,2,1,2,1,4,2,1,2,2,2,1,1,2,2,1
5,1003,31,2025-03-20,20,1,2,,,,11,1,,5,1,6,,2,10,pay for toilet,2,2,,,2,,3,1,3,3,1,1,4,,1,15,2,1,,3,1,1,1,1,18,2,7,2,7,,1,,1,8,3,,2,1,2,2,,,,,,,1,19,2,,1,2,,2,2,2,2,1,2,2,,1,3,1,2,2,2,1,2,1,1,2,2,1,2,1,1,1,1,2,1,1,2,2,1,2,,,,,,,,,,,,,,,,,,,,,,,,,5,5,2,2,2,2,2,1,2,2,2,1,2,1,1,2
4,343,22,,19,2,,,4,,,3,,1,1,1,,3,4,,2,3,,1,5,,3,1,3,2,3,4,8,,,,,,,,,,,,,,,,,,,,,,,,,,,,,,,,,,,,,,,,,,,,,,,,,,,,,,,,,,,,,,,,,,,,,,,,,,1,3,1,1,1,2,,1,4,1,3,1,1,,1,3,4,4,1,1,2,1,2,1,1,2,2,3,4,4,2,1,1,2,4,2,2,1,1,1
4,346,22,,19,1,2,,,,14,1,,4,1,1,,2,2,,2,2,,7,5,,3,2,3,3,1,3,3,,1,14,2,5,,1,2,2,1,,,3,7,2,7,,6,,2,5,6,,2,2,2,,,,,,,,,,,,,,,,,,,,,,,,,,,,,,,,,,,,,,,,,,,,,,,,2,2,2,2,1,2,5,3,5,1,3,2,,,2,4,6,,3,3,3,3,1,2,4,4,4,4,3,4,4,1,2,1,2,1,2,3,3,2
5,484,31,2025-03-19,15,1,,7,1,,,1,,1,1,6,,2,4,,2,4,,5,4,,3,1,3,3,1,1,2,,1,,2,1,,1,1,1,2,2,,2,,1,5,,6,,2,5,5,,1,1,1,,,,,,,,1,14,2,,1,2,,1,2,1,1,1,2,2,1,1,3,2,2,1,2,1,2,1,1,1,1,1,1,1,1,1,1,2,2,3,2,1,2,1,1,1,,,1,2,,1,3,1,5,1,5,,1,3,4,4,3,1,1,1,1,2,5,5,4,5,1,4,4,2,2,2,2,4,3,2,2,2
5,485,31,2025-03-19,14,1,,7,1,,,1,,1,1,6,,2,3,,2,4,,7,4,,3,1,3,3,1,1,2,,1,,1,1,,1,1,1,1,2,,2,,1,5,,6,,2,5,5,,1,1,1,,,,,,,,,,,,,,,,,,,,,,,,,,,,,,,,,,,,1,1,1,1,1,2,2,3,2,1,2,1,1,1,1,1,1,2,,1,3,1,5,1,5,,1,3,4,4,3,1,1,1,1,2,5,5,4,5,1,4,4,2,2,2,2,4,3,2,2,2
5,486,31,2025-03-19,13,1,1,6,1,,,3,,1,1,3,,2,3,,2,2,,6,5,,3,2,4,4,3,1,3,,2,,,,,,,,,,,,,,,,,,,,,,,,,,,,,,,,,,,,,,,,,,,,,,,,,,,,,,,,,,,,,,,,,,,,,,,,1,,2,2,2,2,3,1,2,4,3,2,2,,2,4,1,3,1,1,2,1,2,2,4,4,4,4,2,2,2,1,2,3,3,3,2,2,1,1
5,487,31,2025-03-19,15,1,,7,1,,,3,,1,1,6,,2,4,,2,4,,4,4,,3,1,3,3,1,1,2,,1,,2,1,,1,1,1,1,2,,2,,1,5,,6,,2,5,5,,1,1,1,,,,,,,,1,14,2,,1,2,,1,2,1,1,1,2,2,1,1,3,2,2,1,2,1,2,1,1,1,1,1,1,1,1,1,1,2,2,3,2,1,2,1,1,1,,,1,2,,1,3,1,5,1,5,,1,3,4,4,3,3,1,1,1,2,5,5,4,5,1,4,4,2,2,2,2,4,3,2,2,2
2,104,8,2025-03-19,19,2,2,,,,,1,,5,1,6,,2,2,,1,1,,7,1,,4,1,1,,,,,,,,,,,,,,,2,,2,7,2,1,,6,,2,5,6,,1,1,2,3,,,,,,,2,,,,,,,,,,,,,,,,,,,,,,,,,,,,,,,,,,,,,,,,3,2,1,1,1,2,5,2,5,4,3,3,,,1,3,4,,1,3,1,1,1,,3,2,2,3,4,4,4,2,2,4,2,1,1,1,1,1
2,105,8,2025-03-19,19,1,2,,,,,1,,5,1,6,,2,2,,1,1,,3,2,,4,1,1,2,2,1,2,,1,18,2,1,,4,1,2,2,2,,2,6,1,1,,6,,2,5,6,,1,2,2,2,,,,,,,2,,,,,,,,,,,,,,,,,,,,,,,,,,,,,,,,,,,,,,,,2,2,2,2,1,2,5,2,5,1,4,1,4,,1,3,3,4,2,1,2,1,1,2,4,2,4,4,1,2,2,1,1,1,1,2,1,1,1,1
2,106,8,2025-03-19,18,1,2,,,,,1,,5,1,5,,4,5,,1,1,,4,2,,4,1,1,2,2,1,2,,1,14,2,1,,2,1,2,1,1,17,2,1,1,1,,3,,2,5,2,,1,2,2,2,,,,,,,,,,,,,,,,,,,,,,,,,,,,,,,,,,,,,,,,,,,,,,,2,2,2,1,1,2,5,1,3,1,4,2,4,,1,3,3,4,1,1,1,1,2,2,3,2,2,3,2,2,2,2,4,3,2,2,4,4,2,4
2,108,8,2025-03-19,20,2,2,,,,14,1,,2,1,6,,2,1,,2,2,,5,1,,4,1,3,3,1,1,4,,,,,,,,,,,,,,,,,,,,,,,,,,,2,,,,,,,2,,,,,,,,,,,,,,,,,,,,,,,,,,,,,,,,,,,,,,,,2,2,2,2,1,2,5,2,5,3,3,2,,,2,4,6,,2,2,1,1,1,2,4,2,4,4,2,4,4,1,1,2,1,1,2,2,2,1
2,111,8,2025-03-19,13,2,1,7,1,,,1,,1,1,6,,2,1,,2,2,,6,5,,3,1,3,3,3,1,4,,,,,,,,,,,,,,,,,,,,,,,,,,,2,,,,,,,2,,,,,,,,,,,,,,,,,,,,,,,,,,,,,,,,,,,,,,,,2,2,2,2,1,2,5,2,5,3,3,2,4,,2,4,6,,2,2,1,1,1,2,4,2,4,4,1,4,4,1,2,1,1,1,2,4,1,1
1,87,7,2025-03-19,16,1,1,10,1,,,1,,1,1,6,,2,1,,2,2,,3,2,,4,1,2,3,1,1,2,,1,,2,6,,1,1,2,2,2,,2,6,1,5,,6,,2,8,8,,3,3,3,2,,,,,,,2,,,,,,,,,,,,,,,,,,,,,,,,,,,,,,,,,,,,,,,,,,,,,,,,,,,,,,,,,,,,,,,,3,2,3,3,3,3,3,1,1,1,1,1,1,1,1,1
1,88,7,2025-03-19,19,1,1,11,4,,,1,,1,1,6,,2,3,,2,1,,6,2,,4,1,3,3,1,1,4,,1,,2,1,,1,1,1,2,3,,3,7,2,7,,8,,2,8,8,,3,3,3,2,,,,,,,2,,,,,,,,,,,,,,,,,,,,,,,,,,,,,,,,,,,,,,,,1,1,3,1,1,2,5,2,5,4,3,2,,,2,3,4,,1,2,1,1,1,2,5,2,4,4,2,,,,,,1,1,1,1,1,1
1,89,7,2025-03-19,18,2,1,12,4,,,3,,1,1,6,,2,1,,2,2,,4,2,,3,1,3,3,1,1,2,,,,,,,,,,,,,,,,,,,,,,,,,,,,,,,,,,,,,,,,,,,,,,,,,,,,,,,,,,,,,,,,,,,,,,,,,,1,1,1,1,1,2,5,3,5,2,2,2,2,,2,4,6,,3,3,3,3,1,2,3,2,3,3,3,3,3,1,3,2,1,1,1,1,1,1
1,90,7,2025-03-19,18,1,2,,,,7,1,,2,3,6,,2,1,,2,2,,4,2,,3,1,3,3,1,1,2,,1,,,3,,1,1,2,2,2,,2,7,2,5,,2,,2,8,8,,3,3,3,2,,,,,,,2,,,,,,,,,,,,,,,,,,,,,,,,,,,,,,,,,,,,,,,,1,1,3,2,1,2,5,3,5,4,5,3,,,1,3,3,3,1,2,2,2,1,1,1,1,1,1,1,1,1,1,3,2,1,2,2,2,2,2
1,91,7,2025-03-19,13,1,1,6,1,,,1,,1,1,6,,2,1,,2,2,,7,1,,2,1,3,3,1,1,4,,2,,,,,,,,,,,,,,,,,,,,,,,,,2,,,,,,,,,,,,,,,,,,,,,,,,,,,,,,,,,,,,,,,,,,,,,,,2,2,2,2,1,2,,2,5,4,5,3,,,1,3,6,,,3,3,3,1,2,3,3,3,3,3,3,3,1,1,1,1,1,1,1,1,1
3,283,19,2025-03-19,20,2,2,,,,14,3,,5,2,7,,3,5,,2,1,,9,1,,4,1,1,1,1,1,2,,,,,,,,,,,,,,,,,,,,,,,,,,,2,,,,,,,2,,,,,,,,,,,,,,,,,,,,,,,,,,,,,,,,,,,,,,,,2,2,2,1,1,1,3,1,3,1,2,1,,joblessness,1,2,3,3,1,1,2,1,2,2,4,4,4,4,3,2,1,1,1,1,2,1,1,2,1,1
3,284,19,2025-03-19,20,2,2,,,,14,3,,4,1,6,,3,1,,3,4,,1,7,,2,1,1,2,,4,,,,,,,,,,,,,,,,,,,,,,,,,,,,2,,,,,,,2,,,,,,,,,,,,,,,,,,,,,,,,,,,,,,,,,,,,,,,,2,2,2,1,1,2,,2,,1,2,1,4,,1,4,2,3,1,1,2,1,2,2,4,4,4,4,4,4,,2,2,2,2,1,1,1,1,1
3,285,19,2025-03-19,19,2,2,,,,14,1,,1,2,6,,2,1,,2,4,,4,1,,4,1,1,1,2,1,2,,,,,,,,,,,,,,,,,,,,,,,,,,,2,,,,,,,2,,,,,,,,,,,,,,,,,,,,,,,,,,,,,,,,,,,,,,,,2,2,2,1,1,2,,2,,1,3,2,,poverty,1,3,3,4,1,3,2,2,2,1,1,4,4,4,5,3,4,2,1,1,1,1,1,1,1,1
4,349,22,,20,2,1,,4,,,1,,5,2,6,,5,2,,1,2,,4,2,,3,4,3,3,1,2,3,,,,,,,,,,,,,,,,,,,,,,,,,,,,,,,,,,,,,,,,,,,,,,,,,,,,,,,,,,,,,,,,,,,,,,,,,,2,2,1,2,1,2,,2,,1,4,2,4,,2,4,6,,1,1,2,1,1,1,2,4,4,4,2,2,4,4,2,3,3,2,3,1,2,3
4,348,22,2025-03-19,13,2,1,6,,,,1,,1,1,1,,2,2,,3,3,,5,5,,3,1,3,3,1,1,5,,,,,,,,,,,2,,2,,2,7,,6,,2,5,6,,2,2,2,2,,,,,,,,,,,,,,,,,,,,,,,,,,,,,,,,,,,,,,,,,,,,,,,2,2,,2,1,2,,2,,4,4,3,1,,2,4,6,,1,3,,3,1,1,2,2,4,4,3,4,4,2,2,4,3,4,3,2,2,3
4,350,22,2025-03-19,19,1,2,,,,14,1,,5,2,6,,3,6,,1,2,,3,2,,3,4,3,3,1,4,4,,1,17,2,5,,1,2,1,1,2,,2,6,1,3,,6,,2,5,3,,1,2,2,2,,,,,,,,,,,,,,,,,,,,,,,,,,,,,,,,,,,,,,,,,,,,,,,1,2,1,2,1,2,,2,5,4,3,2,4,,2,4,6,,3,1,1,1,2,1,4,2,2,4,2,4,4,2,3,2,2,3,1,2,3,3
1,35,3,2025-03-19,18,1,2,,,,14,1,,4,1,6,,2,4,,2,2,,6,2,,4,1,1,2,1,1,2,,1,15,2,1,,2,1,2,2,2,,,,1,4,,,,1,5,5,,2,2,2,,,,,,,,2,,,,,,,,,,,,,,,,,,,,,,,,,,,,,,,,,,,,,,,,1,2,2,2,1,,,2,,1,5,1,4,,2,4,3,4,1,1,1,2,2,1,5,5,3,5,1,3,5,2,2,4,2,3,2,2,2,2
1,36,3,2025-03-19,17,1,1,9,1,,,1,,1,1,6,,2,4,,2,4,,10,2,,4,1,1,2,1,1,4,,1,15,2,1,,2,1,2,1,2,,,,1,4,,,,2,,5,,1,2,2,,,,,,,,2,,,,,,,,,,,,,,,,,,,,,,,,,,,,,,,,,,,,,,,,1,2,,2,1,2,,2,,1,4,1,4,,2,4,3,4,1,1,1,2,2,1,5,,1,5,1,5,5,2,2,4,3,2,2,2,3,2
1,37,3,2025-03-19,16,1,1,8,2,,,1,,1,1,7,,2,4,,2,2,,5,2,,4,1,3,2,3,1,2,,1,12,2,1,,2,1,2,1,2,,,,2,7,,6,,2,5,,,2,2,2,,,,,,,,2,,,,,,,,,,,,,,,,,,,,,,,,,,,,,,,,,,,,,,,,2,2,2,1,1,2,,1,2,1,5,1,,,2,4,6,,1,1,1,1,2,,5,3,4,5,1,3,4,2,2,2,2,4,2,2,2,1
1,38,3,2025-03-19,15,2,1,8,1,,7,1,,1,1,6,,2,4,,2,4,,3,1,,4,1,3,3,1,1,2,,,,,,,,,,,2,,,,2,7,,,,2,5,5,,2,2,2,,,,,,,,2,,,,,,,,,,,,,,,,,,,,,,,,,,,,,,,,,,,,,,,,2,2,2,2,1,2,,2,5,3,4,2,3,,2,4,4,4,2,2,1,1,1,2,5,1,3,5,1,5,3,1,1,2,2,1,1,2,3,1
1,39,3,0025-03-19,19,1,,,,,14,1,,5,1,6,,2,4,,2,2,,,2,,4,1,1,2,1,1,2,,1,14,2,1,,2,1,2,1,2,,,,1,4,,,,2,,,,1,2,2,,,,,,,,2,,,,,,,,,,,,,,,,,,,,,,,,,,,,,,,,,,,,,,,,1,2,1,2,1,,,2,,1,4,1,4,,,4,3,4,1,1,1,2,2,1,5,5,4,5,1,4,5,2,3,4,2,2,2,2,3,3
1,40,3,0025-03-19,15,2,1,8,1,,14,1,,5,1,7,,2,4,,2,4,,4,1,,4,1,3,3,1,1,2,,,,,,,,,,,,,,,,,,,,,,,,,,,,,,,,,,,,,,,,,,,,,,,,,,,,,,,,,,,,,,,,,,,,,,,,,,2,2,2,2,1,2,,2,5,3,4,2,4,,2,4,4,4,2,2,1,1,1,2,5,1,3,5,1,5,4,1,1,2,2,1,2,2,3,1
2,155,11,2025-03-19,13,1,1,7,1,,,1,,1,1,1,,2,4,,2,2,,4,2,,3,1,3,3,1,1,1,,2,,,,,,,,,2,,2,,2,7,,,,2,,5,,2,,2,,,,,,,,2,,,,,,,,,,,,,,,,,,,,,,,,,,,,,,,,,,,,,,,,2,2,2,1,3,2,,2,,1,4,1,4,,2,4,6,,1,1,1,2,2,1,4,4,3,4,1,2,3,1,1,1,2,2,1,1,1,1
4,305,20,2025-03-19,16,1,1,7,1,,,1,,4,1,7,,2,3,,2,2,,3,1,,4,1,1,3,1,1,1,,1,,2,1,,2,2,2,2,3,,,,,,,,,,,,,,,,,,,,,,,,,,,,,,,,,,,,,,,,,,,,,,,,,,,,,,,,,,,,,,,2,3,2,1,1,,,2,,1,5,1,4,,1,4,6,,,1,1,2,2,2,5,3,3,5,1,5,5,1,1,1,1,1,1,2,2,1
2,117,9,2025-03-18,13,2,1,7,1,,,1,,1,1,5,,2,5,,2,2,,5,1,,3,1,1,2,1,1,2,,,,,,,,,,,2,,2,,1,,,6,,2,,,,3,2,2,2,,,,,,,2,,,,,,,,,,,,,,,,,,,,,,,,,,,,,,,,,,,,,,,,2,2,2,1,1,2,,2,,1,5,3,,,1,3,3,4,1,3,1,3,2,1,4,3,5,5,3,2,5,2,2,1,2,3,1,4,2,1
1,1,1,2025-03-18,19,1,2,,,,14,1,,5,1,7,,6,5,,5,1,,6,1,,3,1,2,2,1,1,2,,1,15,2,1,,2,1,1,1,1,17,2,1,1,5,,1,,1,2,1,,1,2,2,3,,,,,,,2,,,,,,,,,,,,,,,,,,,,,,,,,,,,,,,,,,,,,,,,1,1,1,1,2,2,,1,4,1,2,2,4,,2,3,4,4,1,1,1,1,1,1,5,2,1,5,2,1,1,2,2,2,4,3,2,2,3,2
4,341,22,2025-03-18,20,1,2,,,,14,1,,4,1,7,,2,3,,2,3,,6,2,,3,3,2,3,2,1,3,,1,14,2,1,,1,1,2,1,1,,2,7,1,1,,3,,2,,,,1,2,2,1,,1,2,2,2,2,1,20,2,,1,2,,2,,2,2,2,2,1,,1,1,2,1,1,1,2,2,2,1,2,1,2,2,1,1,2,1,,2,4,2,2,1,1,2,2,2,2,1,2,,2,,2,3,1,4,,2,3,3,3,2,2,1,1,3,2,5,2,4,5,1,4,2,2,1,2,3,2,1,2,1,1
4,301,20,2025-03-18,13,1,1,7,2,,,1,,4,1,7,,2,4,,2,2,,6,1,,4,1,3,3,1,1,2,,,,2,1,,4,2,2,3,3,,2,6,1,1,,6,,2,,2,,2,2,2,2,,,,,,,,,,,,,,,,,,,,,,,,,,,,,,,,,,,,,,,,,,,,,,,,,,,1,2,,2,,,4,2,,,1,3,3,4,3,3,1,1,1,,5,4,5,5,1,3,4,3,1,2,3,4,2,4,1,1
4,361,23,2025-03-18,19,1,1,,,,,1,,5,1,7,,2,1,,2,2,,6,2,,3,3,2,3,1,1,2,,1,13,2,1,,1,1,2,2,2,,2,,,,,,,2,5,6,,1,2,2,1,1,2,2,2,2,1,2,,,,,,,,,,,,,,,,,,,,,,,,,,,,,,,,,,,,,,,,1,3,1,1,1,2,,1,,1,4,2,,,1,4,3,4,3,2,2,2,1,2,4,2,2,5,1,4,4,2,1,1,2,2,1,2,1,1
3,223,15,2025-03-19,20,2,2,,,,,1,,5,1,7,,2,2,,2,1,,5,2,,3,1,2,,,1,1,,,,,,,,,,,,,,,,,,,,,,,,,,,,,,,,,,,,,,,,,,,,,,,,,,,,,,,,,,,,,,,,,,,,,,,,,,1,2,1,2,1,1,4,1,4,1,2,1,1,,1,3,3,4,2,1,3,2,2,2,2,2,4,4,4,4,4,1,1,1,2,2,1,1,1,1
3,224,15,2025-03-19,16,1,1,10,1,,,1,,1,1,7,,2,1,,2,3,,7,6,,4,1,2,,,1,2,,1,14,2,6,,1,2,1,1,2,,1,3,1,3,,1,,1,5,5,,1,2,2,1,2,1,2,1,1,1,1,15,2,,,2,,2,2,1,1,1,2,1,1,1,2,1,1,1,1,2,2,1,,1,1,1,1,1,1,1,1,3,1,2,1,1,3,1,1,2,1,1,1,2,,2,,1,3,1,5,,1,2,2,2,1,1,2,2,2,2,5,5,4,5,2,4,4,2,1,3,2,2,2,1,1,1
4,371,23,2025-03-19,16,1,2,,,,14,1,,5,1,7,,2,1,,2,2,,5,2,,3,3,2,3,2,1,2,,1,13,2,1,,2,2,2,2,2,,2,,2,,,,,2,5,6,,1,2,2,3,,,,,,,2,,,,,,,,,,,,,,,,,,,,,,,,,,,,,,,,,,,,,,,,2,3,2,2,1,1,,2,,3,4,2,,,2,4,3,4,3,2,1,2,1,2,4,2,4,4,1,2,4,2,2,1,1,1,1,1,2,1
4,369,23,,20,1,2,,,,14,1,,5,1,7,,2,1,,2,1,,,2,,3,3,2,3,2,1,2,,1,13,2,1,,2,2,2,2,2,,2,,2,,,,,2,5,6,,1,2,2,3,,,,,,,2,,,,,,,,,,,,,,,,,,,,,,,,,,,,,,,,,,,,,,,,2,2,2,2,1,2,,2,,1,4,2,4,,2,4,3,4,3,2,1,2,1,2,5,3,3,5,1,2,4,1,2,1,2,1,1,2,1,1
2,183,13,2025-03-18,18,1,2,,,,14,1,,5,1,7,,2,3,,2,2,,7,2,,2,1,3,2,1,1,5,,1,13,3,1,,3,1,1,3,1,13,1,1,2,,,1,,1,4,5,,1,2,2,2,,,,,,,2,,,,,,,,,,,,,,,,,,,,,,,,,,,,,,,,,,,,,,,,1,2,1,2,1,2,,2,,1,5,2,4,,2,3,3,4,1,1,1,2,2,1,5,5,2,2,1,5,5,2,2,2,1,1,2,1,2,1
22,166,12,2025-03-18,19,1,2,,,,14,1,,4,1,5,,6,5,,1,1,,,1,,4,1,1,3,3,1,2,,1,13,2,1,,4,1,2,2,2,,2,,1,1,,,,2,,5,,2,2,2,2,,,,,,,2,,,,,,,,,,,,,,,,,,,,,,,,,,,,,,,,,,,,,,,,2,2,2,2,1,2,,2,,1,3,2,,,2,4,6,,1,1,1,2,1,1,5,5,5,5,1,5,1,2,1,1,2,2,2,1,2,2
1,96,7,2025-03-18,17,1,1,10,1,,,1,,1,1,6,,2,3,,2,3,,6,6,,3,1,1,3,1,1,3,,1,,2,6,,3,2,2,2,2,,2,6,2,5,,6,,2,,,,,,,,,,,,,,,,,,,,,,,,,,,,,,,,,,,,,,,,,,,,,,,,,,,,,,,,,,,,,,,,,,,,,,,,,,,,,,,,,,,,,,,,1,2,1,1,3,1
1,31,3,2025-03-18,15,1,,9,2,,,1,,1,1,6,,2,4,,2,2,,3,1,,3,1,1,2,1,1,2,,1,15,2,1,,2,1,2,3,2,,,,,,,,,2,5,,,2,3,3,,,,,,,,2,,,,,,,,,,,,,,,,,,,,,,,,,,,,,,,,,,,,,,,,,,3,2,1,2,,2,,1,4,1,4,,2,4,3,4,1,1,1,2,2,1,5,5,5,5,1,5,1,2,2,4,1,1,3,2,1,2
,101,8,2025-03-18,15,1,1,9,1,,,1,,1,1,6,,4,2,,2,1,,11,,,4,1,1,3,1,1,2,,1,14,2,1,,3,1,1,2,2,,2,6,1,1,,6,,2,5,5,,3,3,3,3,,,,,,,2,,,,,,,,,,,,,,,,,,,,,,,,,,,,,,,,,,,,,,,,1,1,3,1,1,2,5,2,5,4,3,1,4,,1,4,6,,1,1,1,3,2,1,5,2,1,5,1,2,2,1,1,2,2,2,2,2,1,1
3,291,19,2025-03-19,15,1,1,10,1,,,4,,1,1,7,,2,4,,2,4,,3,1,,3,1,1,2,2,1,3,,1,15,2,5,,3,2,1,2,1,14,2,3,1,,,1,,2,1,,,2,2,2,3,,,,,,,2,,,,,,,,,,,,,,,,,,,,,,,,,,,,,,,,,,,,,,,,2,1,2,1,1,1,,1,3,1,3,1,,early pregnancies,1,2,4,4,1,1,1,2,2,1,4,3,3,4,1,4,2,1,1,2,2,1,1,1,1,1
2,149,11,2025-03-18,19,2,2,,,,,1,,5,2,5,,6,1,,4,2,,5,2,,4,1,2,3,2,1,2,,,,,,,,,,,3,,2,7,2,7,,8,,2,5,6,,2,3,2,2,,,,,,,,,,,,,,,,,,,,,,,,,,,,,,,,,,,,,,,,,,,,,,,1,2,1,2,1,2,,2,,1,5,3,4,,1,3,3,4,1,1,1,2,2,2,2,2,3,4,4,2,2,2,1,1,1,1,2,2,2,1
3,261,18,2025-03-18,19,1,2,,,,11,1,,2,1,6,,2,1,,2,3,,7,1,,3,1,3,4,,1,3,,1,,4,1,,2,1,1,1,2,,,,1,1,,,,1,4,6,,2,2,2,,,,,,,,2,,,,,,,,,,,,,,,,,,,,,,,,,,,,,,,,,,,,,,,,1,2,2,1,1,2,,2,,1,3,2,1,,,,,,,,,,,,2,2,4,4,2,2,2,1,1,1,2,4,1,2,2,1
3,289,19,2025-03-19,13,1,1,8,1,,,1,,1,2,7,,2,4,,2,4,,4,2,,3,1,1,2,2,1,4,,2,,,,,,,,,1,,2,,1,,,,,1,1,,,2,2,2,2,,,,,,,2,,,,,,,,,,,,,,,,,,,,,,,,,,,,,,,,,,,,,,,,2,1,1,1,1,1,,2,,1,3,1,,,1,4,4,4,1,1,1,2,2,1,4,4,4,4,1,4,3,2,1,1,2,1,1,1,1,1
3,290,19,2025-03-19,16,1,1,8,,,8,1,,1,1,7,,2,1,,2,4,,,2,,3,1,2,,,1,4,,1,13,2,1,,2,1,1,2,2,,,,,,,6,,2,,5,,1,2,2,,,,,,,,,,,,,,,,,,,,,,,,,,,,,,,,,,,,,,,,,,,,,,,,,,,,1,2,,2,,1,4,1,1,,1,3,3,4,1,1,1,2,2,2,5,5,4,4,2,4,4,2,3,1,2,2,3,3,1,1
3,287,19,2025-03-19,19,1,1,,1,,11,1,,1,1,6,,3,1,,2,4,,5,1,,3,1,1,1,2,1,2,,1,15,2,1,,3,2,1,2,1,15,2,3,1,,,2,,1,1,,,2,2,2,2,,,,,,,2,,,,,,,,,,,,,,,,,,,,,,,,,,,,,,,,,,,,,,,,2,2,2,1,1,2,,1,3,2,3,1,,,1,2,3,4,1,1,2,2,2,1,4,4,4,4,2,4,4,1,2,1,2,1,1,1,1,1
3,288,19,2025-03-19,15,1,1,9,1,,,1,,1,2,7,,2,1,,2,2,,3,2,,3,1,1,1,2,1,4,,2,,,,,,,,,1,14,2,3,1,,,1,,2,5,,,2,2,2,2,,,,,,,2,,,,,,,,,,,,,,,,,,,,,,,,,,,,,,,,,,,,,,,,2,2,1,1,1,2,,2,,1,3,1,,,1,4,4,4,1,1,1,2,2,2,4,4,3,4,2,4,3,2,2,1,2,1,1,1,1,1
3,266,18,2025-03-19,20,1,2,,,,11,1,,5,1,7,,2,1,,2,3,,4,2,,3,1,3,2,1,1,2,,1,,2,1,,2,2,1,1,2,,,,1,1,,,,2,,5,,1,1,2,,,,,,,,,,,,,,,,,,,,,,,,,,,,,,,,,,,,,,,,,,,,,,,,2,2,2,1,1,2,,2,,1,4,2,4,,1,3,4,,1,1,1,2,2,2,5,5,1,5,1,1,5,2,1,2,2,2,1,2,2,1
3,225,15,2025-03-19,19,1,,,,,,1,,4,1,7,,2,1,,2,3,,5,1,,3,1,2,,,1,2,,1,17,2,1,,1,1,2,2,1,17,2,1,1,5,,1,,2,5,5,,1,2,2,1,2,1,2,1,1,1,1,18,2,,,2,,2,2,2,1,1,2,1,1,1,2,2,1,2,2,2,2,1,2,1,1,1,1,1,1,1,1,3,2,3,2,2,1,1,1,2,2,1,1,2,,2,,1,2,1,4,,2,2,3,3,1,1,2,2,2,2,5,5,4,5,2,4,4,1,2,1,2,2,3,2,2,1
3,226,15,2025-03-19,16,1,1,8,1,,1,1,,1,1,6,,2,1,,2,3,,4,1,,4,1,1,,,1,4,,1,12,2,1,,2,1,1,2,2,,,,2,,,,,2,,5,,1,2,2,2,,,,,,,2,,,,,,,,,,,,,,,,,,,,,,,,,,,,,,,,,,,,,,,,2,2,1,1,1,1,3,1,3,1,3,1,5,,2,3,3,4,1,1,1,2,2,2,5,5,4,5,2,4,4,2,1,3,2,2,3,3,1,1
3,222,15,2025-03-19,18,1,1,11,2,,11,1,,1,1,7,,2,4,,2,3,,6,2,,3,1,1,,,1,4,,1,14,2,1,,1,1,2,2,2,,1,1,2,,,1,,2,,5,,1,2,2,2,,,,,,,,,,,,,,,,,,,,,,,,,,,,,,,,,,,,,,,,,,,,,,,1,2,1,1,1,2,,2,,1,4,1,5,,1,3,3,3,1,1,1,2,2,2,5,5,4,5,1,4,4,2,2,1,2,2,1,2,1,1
3,227,15,2025-03-19,18,1,2,,,,11,1,,5,1,7,,2,1,,2,3,,5,1,,3,1,1,3,1,1,2,,1,,2,1,,2,1,1,1,2,,,,1,1,,,,2,,,,1,2,2,,,,,,,,,,,,,,,,,,,,,,,,,,,,,,,,,,,,,,,,,,,,,,,,1,2,2,1,1,2,,2,,1,3,2,5,,1,3,4,4,1,1,1,2,2,1,2,3,2,3,2,3,2,2,2,1,2,2,1,3,2,1
4,370,23,,15,2,1,8,1,,,1,,1,1,7,,2,1,,2,1,,5,2,,3,3,2,3,2,1,2,,,,,,,,,,,2,,2,,1,1,,,,2,5,6,,1,2,2,3,,,,,,,,,,,,,,,,,,,,,,,,,,,,,,,,,,,,,,,,,,,,,,,2,2,2,2,1,2,,2,,3,4,2,,,,4,6,,3,,3,3,1,2,5,3,3,5,3,3,4,1,2,1,2,1,1,2,1,1
4,347,22,2025-03-19,15,2,1,9,,,,1,,1,1,1,,2,2,,2,3,,5,5,,4,1,1,3,1,1,4,,,,,,,,,,,2,,2,,2,,,6,,2,5,6,,2,2,2,,,,,,,,,,,,,,,,,,,,,,,,,,,,,,,,,,,,,,,,,,,,,,,,2,2,2,1,1,2,,2,,4,3,2,4,,,4,6,,1,1,,1,2,1,2,2,,4,2,4,4,3,2,3,2,2,2,2,2,3
3,250,17,2025-03-19,18,2,,,,,,,,,,,,,,,,,,,,,,,,,,,,,,,,,,,,,,,,,,,,,,,,,,,,,,,,,,,,,,,,,,,,,,,,,,,,,,,,,,,,,,,,,,,,,,,,,,,,,,,,,,,,,,,,,,,,,,,,,,,,,,,,,,,,,,,,,,,,
3,251,17,2025-03-19,19,1,2,,,,,,,,,,,,,,,,,,,,,,,,,,,,,,,,,,,,,,,,,,,,,,,,,,,,,,,,,,,,,,,,,,,,,,,,,,,,,,,,,,,,,,,,,,,,,,,,,,,,,,,,,,,,,,,,,,,,,,,,,,,,,,,,,,,,,,,,,,,
3,244,17,2025-03-19,14,2,1,8,2,,,1,,,,2,,2,3,,2,2,,12,2,,3,1,2,2,1,1,4,,,,,,,,,,,,,,,,,,,,,,,,,,,,,,,,,,,,,,,,,,,,,,,,,,,,,,,,,,,,,,,,,,,,,,,,,,,,,,,,,,,,,,,,,,,,,,,,,,4,4,3,4,2,2,2,,,,,,,,,
3,243,17,2025-03-19,18,2,,,,,,1,,,,,,2,3,,2,,,,,,,,,,,,,,,,,,,,,,,,,,,,,,,,,,,,,,,,,,,,,,,,,,,,,,,,,,,,,,,,,,,,,,,,,,,,,,,,,,,,,,,,,,,,,,,,,,,,,,,,,,,,,,,,,,,,,,,,,,,,,
2,124,9,2025-03-19,18,2,2,,,,14,1,,1,1,7,,,,,,1,,3,1,,5,1,1,1,4,4,2,,,,,,,,,,,1,,2,3,2,,,1,,1,3,4,,1,2,2,2,,,,,,,2,,,,,,,,,,,,,,,,,,,,,,,,,,,,,,,,,,,,,,,,2,2,2,1,1,2,,1,4,2,5,2,4,,2,2,4,4,1,3,1,1,1,2,3,2,5,5,2,4,3,2,1,3,4,1,2,1,1,
4,321,21,2025-03-18,19,1,,,,,14,1,,5,1,6,,4,1,,1,4,,2,2,,2,1,3,3,1,1,2,,1,16,2,1,,2,1,1,1,1,,2,1,2,,,,,2,5,8,,1,2,2,,,,,,,,,,,,,,,,,,,,,,,,,,,,,,,,,,,,,,,,,,,,,,,,2,2,2,2,1,2,,2,,1,5,1,,,2,4,3,3,1,1,2,2,1,2,2,2,2,2,2,3,3,2,2,2,2,2,2,2,2,2
3,242,17,2025-03-19,16,1,,10,1,,,1,,,,2,,2,3,,2,,,8,2,,3,1,3,2,1,1,4,,1,,2,5,,2,2,2,2,,,,,,,,,,,,,,,,,,,,,,,,,,,,,,,,,,,,,,,,,,,,,,,,,,,,,,,,,,,,,,,,,,,,,,,,,,,,,,,,,,,,,,,,,,,,,,,,,,,,,,,
6,525,33,2025-03-19,19,2,1,,1,,,1,,5,1,6,,2,2,,2,2,,5,1,,2,1,2,2,1,1,4,,,,,,,,,,,,,,,,,,,,,,,,,,,,,,,,,,,,,,,,,,,,,,,,,,,,,,,,,,,,,,,,,,,,,,,,,,1,2,2,1,1,2,,2,,1,3,2,4,,1,3,3,4,1,1,1,2,1,2,5,2,5,5,1,5,5,2,1,2,2,2,1,1,1,1
6,524,33,2025-03-19,18,2,,,,,11,1,,5,5,6,,2,4,,2,1,,1,1,,3,1,1,2,1,1,4,,,,,,,,,,,1,,1,1,1,5,,1,,2,,1,,1,2,2,,,,,,,,,,,,,,,,,,,,,,,,,,,,,,,,,,,,,,,,,,,,,,,,1,1,1,1,2,1,4,1,4,1,2,1,,,1,3,4,4,1,1,1,2,,2,1,2,5,5,2,5,4,2,2,2,2,2,2,2,1,1
3,232,15,2025-03-20,18,1,2,,,,,1,,4,1,6,,2,4,,2,4,,,1,,3,1,1,,,1,1,,1,12,2,1,,1,1,1,2,2,,2,,2,,,6,,1,5,5,,1,2,2,,,,,,,,2,,,,,,,,,,,,,,,,,,,,,,,,,,,,,,,,,,,,,,,,1,2,1,1,3,2,,2,,1,4,1,5,,1,3,3,4,1,1,1,2,2,2,5,5,4,4,2,4,4,2,2,3,2,2,3,1,1,1
3,234,15,2025-03-20,20,2,2,,,,9,1,,4,1,6,,2,1,,2,4,,,2,,4,1,1,,,1,8,,,,,,,,,,,1,,1,1,,,,8,,1,5,6,,1,2,2,2,,,,,,,,,,,,,,,,,,,,,,,,,,,,,,,,,,,,,,,,,,,,,,,1,2,1,1,1,2,,,,1,4,1,,,2,1,4,4,1,1,2,2,2,2,1,1,2,4,2,4,4,1,2,1,2,2,1,1,2,1
5,1200,1,2025-04-18,18,1,2,,,,11,1,,5,1,6,,2,4,,2,4,,7,1,,3,3,1,1,1,1,4,,,,,,,,,,,,,,,,,,,,,,,,,,,,,,,,,,,,,,,,,,,,,,,,,,,,,,,,,,,,,,,,,,,,,,,,,,,,,,,,,,,,,,,,,,,,,,,,,,,,,,,,,,,,,,,,,
3,233,15,2025-03-20,19,2,2,,,,11,1,,4,1,7,,2,1,,2,3,,,2,,3,1,1,,,1,4,,,,,,,,,,,1,,2,3,,,,1,,2,,5,,1,2,2,1,2,1,2,1,1,1,,,,,,,,,,,,,,,,,,,,,,,,,,,,,,,,,,,,,,,,,1,2,1,1,3,1,3,1,3,1,3,1,5,,1,2,3,3,1,1,1,2,2,2,4,2,2,4,2,4,4,2,2,2,3,3,1,3,1,1
3,235,15,2025-03-20,16,1,1,7,1,,7,1,,1,1,7,,2,1,,2,4,,,2,,3,1,1,,,1,2,,1,14,2,6,,2,1,1,1,2,,,,2,,,6,,2,,5,,1,2,2,,,,,,,,1,15,2,,,2,,2,2,1,1,1,2,1,1,1,1,1,1,1,2,2,2,2,1,1,1,1,1,1,1,1,1,3,1,4,1,2,2,1,2,2,2,1,1,2,,2,,1,4,1,1,,1,3,3,4,1,1,1,2,2,2,5,5,4,5,2,4,4,2,1,1,2,3,2,2,3,1
33,215,19,2025-03-20,19,1,1,7,1,,,1,,1,1,7,,2,1,,2,2,,5,2,,2,1,2,3,1,1,4,,1,12,2,3,,2,1,1,1,2,,,,1,1,,,,2,,,,2,,,,,,,,,,,,,,,,,,,,,,,,,,,,,,,,,,,,,,,,,,,,,,,,,,,,2,2,1,2,,2,,1,4,1,1,,2,3,3,4,1,1,1,1,2,1,5,5,1,5,1,2,1,2,2,2,2,2,2,2,2,1
3,295,19,2025-03-20,16,1,1,10,1,,,1,,1,1,6,,2,4,,2,2,,,1,,3,1,1,1,1,1,2,,1,13,2,6,,4,1,2,2,2,,,,1,,,,,2,,,,1,2,2,,,,,,,,,,,,,,,,,,,,,,,,,,,,,,,,,,,,,,,,,,,,,,,,,,2,2,1,2,,2,,1,4,1,,,2,3,2,3,1,1,1,2,1,2,4,2,4,4,2,4,2,1,1,2,2,1,1,1,1,1
2,116,8,2025-03-20,17,1,2,,,,14,1,,4,1,6,,4,2,,2,2,,11,1,,4,1,1,2,1,1,2,,1,13,2,1,,2,1,1,3,3,,3,6,1,,,6,,2,5,,,1,2,2,2,,,,,,,,,,,,,,,,,,,,,,,,,,,,,,,,,,,,,,,,,,,,,,,2,1,2,1,1,2,3,2,5,2,3,2,4,,1,3,3,3,1,1,1,1,2,2,5,4,2,4,1,2,1,1,,1,1,2,2,1,1,1
3,297,19,2025-03-20,14,1,1,8,2,,,1,,1,1,6,,2,4,,2,2,,7,1,,3,1,1,1,1,1,2,,1,13,2,6,,4,2,2,2,2,,,,1,5,,,,2,,,,2,2,2,,,,,,,,2,,,,,,,,,,,,,,,,,,,,,,,,,,,,,,,,,,,,,,,,,2,2,2,1,2,,2,,1,4,2,6,stress,2,3,1,4,2,2,1,2,2,2,4,2,2,4,1,4,2,2,1,1,2,1,1,,,
4,334,21,2025-03-20,16,2,1,9,1,,,1,,1,1,6,,2,4,,2,3,,,7,4,4,1,3,3,1,1,2,,,,,,,,,,,1,,2,1,1,,,1,,2,,,,1,2,2,2,,,,,,,,,,,,,,,,,,,,,,,,,,,,,,,,,,,,,,,,,,,,,,,1,2,2,1,1,2,,1,,1,3,1,,,1,3,4,4,1,1,2,1,1,2,5,5,4,5,1,5,5,2,2,2,,2,2,2,1,1
3,296,19,2025-03-20,13,1,1,8,,,,1,,1,1,6,,2,4,,2,3,,6,1,,4,1,1,1,1,1,2,,1,12,2,1,,4,2,2,2,2,,,,1,1,,,,2,,,,1,2,2,,,,,,,,2,,,,,,,,,,,,,,,,,,,,,,,,,,,,,,,,,,,,,,,,2,2,2,1,1,2,,2,,1,4,1,,,1,3,3,4,1,1,1,2,1,1,4,2,2,4,1,2,4,2,1,1,2,1,1,1,1,1
4,335,21,2025-03-20,19,1,2,,,,14,1,,5,1,6,,4,4,,2,3,,3,2,,4,1,3,3,1,1,2,,1,16,2,1,,3,1,2,2,1,16,2,1,1,,,,,2,,,,1,2,2,,,,,,,,1,18,2,,,,,1,,2,1,1,2,1,,1,1,1,1,1,2,2,2,2,1,2,1,1,1,1,1,1,1,3,1,,1,2,2,1,1,2,1,1,1,2,,2,,1,3,1,,,1,3,3,4,1,1,2,1,1,2,5,5,,4,5,1,5,2,2,2,2,2,2,1,1,1
4,376,23,2025-03-20,18,1,2,,,,14,1,,5,3,7,,2,1,,2,1,,6,2,,3,3,2,,1,1,2,,1,13,1,1,,2,2,2,2,2,,2,,1,2,,,,2,5,6,,1,2,2,1,2,2,2,1,2,2,1,18,2,,,2,,2,2,2,2,1,2,2,,1,1,2,1,2,3,2,2,2,1,2,1,1,1,1,1,1,1,2,2,2,2,3,3,2,2,2,2,2,1,2,,2,,3,4,2,,,2,3,2,3,3,2,2,2,1,2,5,3,3,5,1,3,3,2,2,1,2,1,2,2,1,1
4,377,23,2025-03-20,19,1,2,,,,14,1,,5,3,7,,2,1,,2,1,,,2,,3,3,2,3,3,1,2,,1,13,1,1,,2,2,2,2,2,,2,,1,2,,,,2,,,,,,,3,,,,,,,,19,2,,,2,,2,2,2,2,1,2,2,,1,1,2,1,2,2,2,2,2,1,2,1,1,1,1,1,1,,2,1,2,2,3,3,2,2,2,2,2,1,2,,2,,3,4,2,,,,3,2,3,3,,2,2,1,2,5,3,3,5,1,3,3,2,3,1,2,1,2,2,1,1
2,170,12,2025-03-19,20,1,2,,,,14,1,,5,2,7,,4,3,,3,4,,6,1,,3,1,2,2,1,1,3,,1,14,1,2,,2,1,1,1,2,,2,6,1,1,,,,1,5,2,,1,2,2,2,,,,,,,2,,,,,,,,,,,,,,,,,,,,,,,,,,,,,,,,,,,,,,,,2,2,2,1,1,2,,1,4,1,2,2,4,,1,3,4,,1,1,1,1,2,1,4,4,4,4,1,4,4,2,2,2,1,2,2,2,1,1
2,176,12,2025-03-19,20,1,2,,,,14,1,,5,1,6,,4,1,,2,2,,5,1,,3,1,3,3,3,1,2,,1,13,2,1,,2,2,2,3,1,16,2,1,1,,,5,,2,,,,2,2,2,2,,,,,,,1,16,2,,,2,,1,2,1,1,2,2,1,4,1,1,2,2,2,2,2,2,2,1,2,1,1,1,1,1,1,1,4,1,1,2,2,2,2,2,2,1,1,1,2,,2,,1,5,1,4,,1,4,3,4,1,1,1,2,2,1,5,5,5,5,2,3,3,2,2,1,2,2,2,1,2,2
2,195,13,2025-03-20,20,2,,,,,11,1,,5,2,6,,2,4,,2,2,,5,1,,3,1,1,2,1,1,2,,,,,,,,,,,2,,,,2,,,,,2,,,,2,2,2,,,,,,,,,,,,,,,,,,,,,,,,,,,,,,,,,,,,,,,,,,,,,,,,1,1,1,1,1,2,,1,1,1,5,1,4,,2,1,4,4,1,1,1,1,1,2,1,1,5,1,1,1,1,2,2,2,2,2,4,2,1,2
2,198,13,2025-03-20,20,1,1,,1,,,1,,3,1,5,,2,3,,2,2,,7,2,,2,1,1,3,,1,3,,1,13,2,3,,2,1,1,2,1,18,1,2,1,4,,1,,1,3,5,,1,1,1,1,1,2,1,2,1,2,1,18,2,,1,2,2,1,,1,1,2,2,1,4,2,1,1,1,1,2,2,2,2,1,1,1,2,2,1,1,2,1,3,1,1,2,2,2,1,1,1,1,1,1,2,,2,,1,3,1,4,,1,3,3,4,1,1,1,2,2,2,5,5,5,5,2,4,4,1,1,1,2,1,2,2,2,1
2,190,13,2025-03-20,18,1,,,,,11,1,,5,1,6,,2,1,,2,2,,6,1,,3,1,1,3,1,1,2,,1,13,2,1,,4,1,2,1,2,,,,2,,,,,1,5,1,,2,2,2,2,,,,,,,2,,,,,,,,,,,,,,,,,,,,,,,,,,,,,,,,,,,,,,,,1,2,1,2,1,1,1,2,,1,2,1,4,,2,4,3,,1,1,1,3,2,2,5,5,5,5,1,4,5,1,2,2,3,2,2,3,1,1
6,539,33,2025-03-20,17,1,1,10,2,,,1,,1,1,6,,2,3,,2,2,,5,1,,3,1,2,2,1,1,1,,1,15,2,1,,2,1,1,3,2,,2,,1,,,,,2,5,,,1,2,2,2,,,,,,,2,,,,,,,,,,,,,,,,,,,,,,,,,,,,,,,,,,,,,,,,1,2,2,1,1,2,,2,,1,4,1,,,1,4,4,4,1,1,1,2,3,1,5,5,5,5,1,5,5,2,2,2,1,1,2,1,1,1
6,542,33,2025-03-20,19,2,2,,,,11,1,,5,1,7,,2,3,,2,2,,,1,,4,1,2,2,1,,1,,,,,,,,,,,2,,,,1,,,,,2,,,,,,,2,,,,,,,2,,,,,,,,,,,,,,,,,,,,,,,,,,,,,,,,,,,,,,,,2,2,2,1,1,2,,2,,1,3,1,,,1,,4,,1,1,1,1,2,1,1,5,,1,1,5,5,2,2,2,2,2,2,1,1,1
6,543,33,2025-03-20,18,2,2,,,,11,1,,5,1,6,,2,3,,2,2,,7,1,,3,1,2,2,1,1,1,,,,,,,,,,,2,,,,1,,,,,,,,,2,2,2,2,,,,,,,2,,,,,,,,,,,,,,,,,,,,,,,,,,,,,,,,,,,,,,,,2,2,1,1,1,2,,2,,2,3,1,,,1,4,4,4,1,1,1,1,2,1,1,1,1,1,5,5,5,2,2,2,2,2,2,2,1,1
6,540,33,2025-03-20,16,2,1,9,1,,,1,,1,1,7,,2,3,,2,2,,3,1,,4,1,2,2,1,1,1,,,,,,,,,,,2,,2,,1,,,,,2,,,,2,2,2,2,,,,,,,2,,,,,,,,,,,,,,,,,,,,,,,,,,,,,,,,,,,,,,,,2,2,2,1,1,2,,2,,1,5,1,4,,1,4,4,4,1,1,1,1,1,1,5,5,5,5,1,5,5,2,2,2,2,2,2,2,2,1
6,538,33,2025-03-20,18,1,2,,,,10,1,,5,1,7,,2,4,,2,2,,4,1,,3,1,2,2,2,1,4,,1,13,2,1,,2,1,1,3,1,17,2,1,1,,,1,,2,,,,1,2,2,1,1,1,2,1,1,2,1,17,2,,,2,,2,2,1,1,1,2,1,,1,1,1,1,1,2,2,2,2,1,1,1,1,1,1,1,1,1,4,1,4,2,2,2,1,2,2,2,1,1,2,,2,,1,5,1,,,1,4,4,4,1,1,1,1,3,1,5,5,5,5,1,5,5,2,2,2,1,2,2,2,2,1
6,541,33,2025-03-20,17,2,1,10,1,,,1,,1,1,7,,2,7,,2,2,,6,1,,3,1,2,2,1,1,1,,,,,,,,,,,2,,2,,1,,,,,2,,,,2,2,2,2,,,,,,,2,,,,,,,,,,,,,,,,,,,,,,,,,,,,,,,,,,,,,,,,2,2,2,2,1,2,,2,,1,5,1,,,1,4,4,4,1,1,1,2,2,1,5,5,5,5,1,5,5,2,2,2,2,1,2,1,1,1
2,162,11,2025-03-20,19,1,2,,,,,1,,5,1,6,,2,2,,2,2,,5,2,,4,1,2,3,1,1,2,,1,,2,1,,2,2,2,2,1,18,2,7,1,5,,1,,1,1,5,,1,2,2,2,,,,,,,1,18,2,,1,2,,2,2,2,2,2,2,1,1,1,1,1,1,2,2,2,2,2,1,2,1,1,2,1,1,1,1,2,1,1,2,2,2,1,1,2,1,1,1,2,,2,,1,4,1,4,,1,3,3,4,1,1,1,2,2,2,4,4,4,4,1,2,2,2,2,3,2,2,1,1,1,1
2,163,11,2025-03-20,14,1,1,7,1,,,3,,1,1,6,,2,2,,2,2,,6,2,,4,1,2,3,1,1,4,,1,,2,1,,2,2,2,2,2,,2,,2,7,,,,1,1,5,,1,2,2,,,,,,,,2,,,,,,,,,,,,,,,,,,,,,,,,,,,,,,,,,,,,,,,,,2,1,1,1,2,,2,,1,4,1,4,,2,3,3,4,1,1,1,2,2,1,4,4,3,5,1,4,4,2,1,2,1,2,1,1,1,1
,26,,,16,2,1,9,1,,,1,,1,1,5,,2,1,,2,4,,,1,,4,1,1,2,2,1,2,,,,,,,,,,,,,,,,,,,,,,,,,,,2,,,,,,,2,,,,,,,,,,,,,,,,,,,,,,,,,,,,,,,,,,,,,,,,,,,,,,,2,,,,,,,,,,,,,,,,,2,2,1,5,,1,4,1,2,2,2,2,4,4,1,1
2,197,13,2025-03-20,13,1,1,10,1,,,1,,4,1,6,,2,3,,2,2,,8,2,,3,1,1,2,1,1,3,,1,13,2,1,,2,1,2,2,2,,,,1,3,,,,1,3,5,,1,1,2,,,,,,,,2,,,,,,,,,,,,,,,,,,,,,,,,,,,,,,,,,,,,,,,,1,2,1,1,1,2,,2,,1,3,1,4,,1,3,4,4,1,1,1,2,2,2,4,4,4,5,1,5,5,2,1,1,1,1,2,2,2,1
1,34,3,2025-03-19,18,1,2,,,,14,1,,4,1,6,,2,4,,2,1,,6,1,,3,1,2,3,1,1,2,,1,13,1,1,,1,1,1,1,1,16,3,7,2,,,2,,1,2,6,,1,2,2,,,,,,,,,,,,,,,,,,,,,,,,,,,,,,,,,,,,,,,,,,,,,,,,1,2,2,2,1,2,,2,,1,2,1,4,,1,4,3,3,1,1,2,1,2,1,5,5,5,5,1,2,5,2,2,4,4,4,2,1,4,4
1,32,3,2025-03-19,18,1,2,,,,14,1,,5,1,6,,2,4,,2,2,,7,3,,4,1,1,2,1,1,2,,1,13,2,1,,1,2,2,2,2,,,,1,5,,,,1,2,4,,1,2,2,,,,,,,,2,,,,,,,,,,,,,,,,,,,,,,,,,,,,,,,,,,,,,,,,1,3,2,1,3,2,,2,,1,3,1,4,,1,4,4,4,1,1,1,1,2,1,5,3,2,5,1,5,4,2,2,4,2,3,4,2,4,2
1,33,3,2025-03-19,18,1,,,,,14,1,,1,1,6,,2,5,,2,3,,2,2,,4,1,1,1,1,1,2,,1,15,2,1,,1,2,2,1,3,,3,7,1,4,,8,,3,8,8,,3,3,2,,,,,,,,2,,,,,,,,,,,,,,,,,,,,,,,,,,,,,,,,,,,,,,,,3,2,3,2,1,2,,2,,4,4,3,4,,2,4,5,,2,2,1,2,1,2,1,1,5,5,1,5,1,2,1,1,1,2,2,4,2,2
55,420,26,2025-03-19,16,1,1,8,1,,,1,,1,1,6,,4,2,,2,2,,4,1,,4,1,1,,,1,2,,1,,1,1,,2,1,1,3,2,,2,2,1,1,,1,,1,5,4,,1,1,3,2,,,,,,,,,,,,,,,,,,,,,,,,,,,,,,,,,,,,,,,,,,,,,,,2,2,2,2,1,2,4,3,5,4,5,3,,,2,4,6,,3,3,3,3,2,2,4,4,4,4,4,5,4,1,1,1,1,1,1,1,1,1
5,417,26,2025-03-19,19,2,,,1,,,1,,4,1,6,,2,2,,2,2,,6,1,,4,1,,3,,1,2,,,,,,,,,,,,,,,,,,,,,,,,,,,,,,,,,,,,,,,,,,,,,,,,,,,,,,,,,,,,,,,,,,,,,,,,,,2,,2,2,2,2,4,2,4,2,3,2,2,,2,3,3,3,1,,3,3,2,,2,4,2,3,1,1,1,1,3,4,2,3,3,2,2,1
5,416,26,,19,2,,,,,,1,,5,2,6,,2,2,,2,2,,6,1,,4,1,3,,,1,2,,,,,,,,,,,,,,,,,,,,,,,,,,,,,,,,,,,,,,,,,,,,,,,,,,,,,,,,,,,,,,,,,,,,,,,,,,2,,2,2,2,2,3,2,3,2,3,2,,,2,3,3,2,1,1,2,1,2,2,3,4,5,5,3,1,1,3,3,3,3,2,3,3,3,2
5,423,26,2025-03-19,14,1,1,7,1,,,1,,1,1,7,,2,4,,2,4,,,4,,3,1,3,3,1,1,2,,1,,1,1,,1,1,1,,2,,2,,1,5,,6,,2,5,5,,1,1,1,,,,,,,,2,,,,,,,,,,,,,,,,,,,,,,,,,,,,1,1,1,1,1,2,2,3,2,1,2,1,1,1,1,1,1,2,,1,3,1,5,1,5,,1,3,4,4,3,1,1,1,1,2,,,,,,,,,,,2,4,3,2,2,2
5,422,26,2025-03-19,19,1,2,,,,11,6,Not religious,5,1,6,,4,3,,2,2,,5,2,,3,1,1,2,2,1,4,,2,,,,,,,,,2,,3,7,1,3,,,,2,,3,,2,2,3,1,1,2,2,2,1,1,2,,,,,,,,,,,,,,,,,,,,,,,,,,,,,,,,,,,,,,,,,,,,,,,2,,4,5,3,1,,2,4,6,,,3,3,3,1,2,4,4,4,4,2,2,2,1,2,2,2,1,,1,2,2
2,160,11,2025-03-20,19,1,2,,,,14,1,,5,1,5,,2,1,,2,2,,4,2,,3,1,2,3,4,1,2,,1,,2,1,,2,2,2,2,2,,2,,1,1,,,,2,,5,,2,,2,,,,,,,,2,,,,,,,,,,,,,,,,,,,,,,,,,,,,,,,,,,,,,,,,1,2,1,2,1,2,,2,,1,3,1,4,,1,3,4,4,1,1,1,3,2,1,1,1,4,5,1,3,2,2,2,1,2,1,1,2,2,1
2,130,9,2025-03-20,18,2,2,,,,14,1,,4,1,5,,4,5,,1,1,,4,1,,4,1,3,3,3,1,1,,,,,,,,,,,2,,,,1,1,,,,2,5,4,,2,2,2,2,,,,,,,,,,,,,,,,,,,,,,,,,,,,,,,,,,,,,,,,,,,,,,,2,2,2,1,1,2,,2,,1,4,2,3,,2,3,3,4,1,1,1,2,2,,5,5,5,5,2,5,5,2,2,2,2,1,2,2,2,2
2,131,9,2025-03-20,16,2,1,10,1,,,3,,1,1,6,,2,1,,2,4,,6,2,,3,1,2,2,1,1,3,,,,,,,,,,,2,,2,6,1,,,6,,2,,1,,2,2,2,2,,,,,,,2,,,,,,,,,,,,,,,,,,,,,,,,,,,,,,,,,,,,,,,,1,1,1,1,2,1,2,1,2,1,2,1,5,,1,2,3,4,1,1,2,2,1,2,3,3,3,3,3,3,3,2,2,2,2,2,2,2,2,2
2,132,9,2025-03-20,14,1,1,8,1,,,2,,1,1,1,,1,1,,3,3,,7,2,,2,1,3,3,3,1,4,,2,,,,,,,,,2,,2,6,1,,,6,,1,1,5,,1,1,1,2,,,,,,,2,,,,,,,,,,,,,,,,,,,,,,,,,,,,,,,,,,,,,,,,1,1,1,1,2,2,,2,,2,4,2,4,,1,3,4,4,2,2,1,1,2,1,5,5,5,5,1,1,1,3,3,3,3,3,3,3,3,1
2,128,9,2025-03-20,19,2,1,,5,university,,1,,1,2,5,,4,5,,1,1,,3,1,,5,1,1,1,1,1,2,,,,,,,,,,,1,,2,1,1,1,,1,,2,5,2,,2,2,2,2,,,,,,,2,,,,,,,,,,,,,,,,,,,,,,,,,,,,,,,,,,,,,,,,2,2,1,1,1,2,,1,1,2,2,2,4,,1,3,6,,1,1,1,1,1,2,3,3,3,3,3,3,3,1,1,1,2,2,1,1,1,1
2,129,9,2025-03-20,15,2,2,,,,7,4,,,1,5,,2,5,,2,2,,5,2,,4,1,1,2,1,1,1,,,,,,,,,,,1,,1,1,1,,,1,,1,2,3,,1,2,2,2,,,,,,,2,,,,,,,,,,,,,,,,,,,,,,,,,,,,,,,,,,,,,,,,2,2,2,1,1,1,,1,3,1,2,2,3,,1,1,3,3,1,1,1,1,2,2,3,4,3,3,3,3,3,2,3,3,4,2,2,2,2,1
1,3,1,2025-03-19,20,1,2,,,,14,1,,2,1,2,,2,3,,2,3,,4,1,,3,1,2,3,1,1,3,,1,15,2,1,,2,1,1,1,2,,,,,,,,,2,,,,2,2,2,,,,,,,,,,,,,,,,,,,,,,,,,,,,,,,,,,,,,,,,,,,,,,,,2,,2,1,1,2,,2,,1,5,1,4,,1,4,6,4,1,1,1,1,2,1,4,3,5,5,3,,,,,,,,,,,
5,419,26,2025-03-19,13,1,1,5,1,,,1,,1,1,6,,2,2,,2,2,,7,1,,4,1,1,,,1,2,,2,,,,,,,,,,,,,,,,,,,,,,,,,,,,,,,,,,,,,,,,,,,,,,,,,,,,,,,,,,,,,,,,,,,,,,,,,,,,,,,,,,,,,,,,,,,,,,2,1,4,3,4,4,2,5,4,1,2,2,3,2,2,1,1,1
5,1004,29,2025-03-20,18,2,1,11,1,,,3,,5,1,7,,2,1,,1,3,,,2,,4,1,1,2,2,2,2,,,,,,,,,,,,,,,,,,,,,,,,,,,,,,,,,,,,,,,,,,,,,,,,,,,,,,,,,,,,,,,,,,,,,,,,,,1,1,1,1,1,2,,3,5,1,3,1,4,,1,4,6,,1,1,1,,1,2,1,2,2,5,1,1,2,2,2,2,2,2,2,2,,2
5,1005,29,2025-03-20,18,1,2,,,,11,1,,5,1,6,,2,2,,2,3,,3,6,,4,1,2,2,2,3,2,,1,,1,7,Project Elimu,3,1,2,3,2,,3,7,1,6,,,,2,,4,,1,3,3,2,,,,,,,2,,,,,,,,,,,,,,,,,,,,,,,,,,,,,,,,,,,,,,,,3,3,1,1,1,2,,3,5,1,3,2,1,,2,4,6,,1,1,1,2,1,2,2,4,4,4,1,4,4,1,2,2,3,2,2,3,3,4
5,1006,29,2025-03-20,19,1,2,,,,11,1,,5,1,6,,2,1,,2,2,,,2,,4,1,1,2,2,1,2,,1,,2,7,Project Elimu,3,1,2,3,2,,2,6,1,3,,,,1,5,6,,1,3,3,2,,,,,,,2,,,,,,,,,,,,,,,,,,,,,,,,,,,,,,,,,,,,,,,,1,1,1,1,1,2,,2,,1,3,1,4,,2,4,6,,1,1,1,3,1,2,4,4,4,4,1,4,4,2,1,2,1,1,3,2,2,2
5,444,26,2025-03-19,19,1,1,8,2,,9,1,,4,2,5,,5,6,,4,2,,,3,,4,2,1,1,,1,2,,1,,2,2,,4,1,2,1,2,,2,6,1,2,,3,,2,5,3,,2,2,1,2,,,,,,,1,,2,,,2,,1,2,2,1,2,2,2,,2,4,2,2,1,2,2,2,2,3,1,2,2,1,2,2,1,1,1,1,1,1,2,2,2,2,1,1,2,1,2,4,1,4,1,1,1,,,2,3,2,2,1,1,2,2,3,,2,2,2,5,3,1,1,3,3,3,1,4,3,3,4,3
5,418,26,2025-03-19,19,2,2,,,,,1,,4,1,6,,2,2,,2,2,,,1,,4,1,1,,,1,2,,,,,,,,,,,,,,,,,,,,,,,,,,,,,,,,,,,,,,,,,,,,,,,,,,,,,,,,,,,,,,,,,,,,,,,,,,1,1,2,2,2,2,3,1,3,2,3,2,2,,1,2,3,2,,2,,2,2,,1,4,3,4,3,3,4,2,2,3,3,3,4,4,3,2
5,415,26,2025-03-19,15,2,1,7,1,,,1,,1,1,6,,2,2,,2,2,,6,,,4,1,1,,,1,2,,,,,,,,,,,,,,,,,,,,,,,,,,,,,,,,,,,,,,,,,,,,,,,,,,,,,,,,,,,,,,,,,,,,,,,,,,1,,1,2,2,1,3,2,,1,4,2,,,2,4,4,4,1,1,1,2,2,2,4,4,5,5,3,2,3,3,3,3,3,4,4,3,3,3
5,1007,29,2025-03-20,18,2,1,11,1,,,1,,1,1,5,,2,2,,2,2,,,2,,4,1,1,2,1,1,2,,,,,,,,,,,,,,,,,,,,,,,,,,,,,,,,,,,,,,,,,,,,,,,,,,,,,,,,,,,,,,,,,,,,,,,,,,1,1,1,1,1,2,,2,,1,3,1,4,,1,4,4,,1,1,1,3,1,2,1,2,2,5,1,4,4,2,2,2,2,1,2,2,2,1
4,351,22,,17,1,2,,,,14,1,,4,1,1,,2,2,,2,2,,6,5,,3,1,3,3,3,1,3,,1,15,2,1,,1,2,1,1,2,,2,7,2,7,,6,,2,5,6,,2,2,2,2,,,,,,,,,,,,,,,,,,,,,,,,,,,,,,,,,,,,,,,,,,,,,,,2,2,3,2,1,2,,2,5,4,5,2,4,,2,4,6,,1,1,2,1,2,1,4,4,3,4,3,4,4,2,2,2,3,3,2,2,1,2
5,1008,29,2025-03-20,14,2,1,6,1,,,1,,1,1,6,,4,4,,2,4,,5,2,,4,1,1,2,3,1,2,,,,,,,,,,,,,,,,,,,,,,,,,,,,,,,,,,,,,,,,,,,,,,,,,,,,,,,,,,,,,,,,,,,,,,,,,,1,2,1,1,1,2,,3,5,1,2,1,2,,1,3,3,,1,1,1,3,1,2,1,1,2,5,1,2,2,2,2,2,1,2,3,2,2,4
1,6,1,2025-03-19,14,1,1,7,1,,,1,,1,1,1,,2,3,,2,3,,,1,,3,1,3,3,1,1,3,,1,13,2,1,,2,1,1,1,2,,,,,,,,,,,,,,,,,,,,,,,,,,,,,,,,,,,,,,,,,,,,,,,,,,,,,,,,,,,,,,,1,1,1,1,1,,,2,,1,3,1,4,,1,4,6,,1,1,,1,2,1,5,3,1,5,3,3,3,2,2,2,2,2,2,2,2,2
1,5,1,2025-03-19,16,1,,9,1,,9,3,,1,1,1,,2,3,,2,3,,,1,,3,1,3,3,1,1,4,,1,14,2,1,,2,1,1,,2,,,,,,,,,,,,,2,,2,,,,,,,,,,,,,,,,,,,,,,,,,,,,,,,,,,,,,,,,,,,,,,,,1,1,1,1,1,2,,2,,1,3,1,4,,1,4,6,,3,1,1,1,2,1,5,2,1,5,3,2,3,2,2,2,2,2,2,2,2,2
1,4,1,2025-03-19,13,1,1,7,1,,,1,,1,1,6,,2,3,,2,3,,,1,,3,1,3,3,1,1,3,,1,13,2,5,,2,1,1,2,2,,,,,,,,,,,,,2,2,2,,,,,,,,,,,,,,,,,,,,,,,,,,,,,,,,,,,,,,,,,,,,,,,,1,2,1,1,1,2,,2,4,1,5,1,4,,1,4,6,,3,3,1,1,2,1,5,2,1,5,1,3,4,2,2,2,1,2,2,2,2,2
,1009,,,15,1,1,7,1,,,1,,1,1,7,,2,1,,2,2,,,2,,4,1,1,3,2,2,4,,1,,2,1,,2,2,1,3,3,,3,7,1,1,,,,3,8,8,,3,3,3,3,,,,,,,2,,,,,,,,,,,,,,,,,,,,,,,,,,,,,,,,,,,,,,,,1,1,1,1,1,2,,3,5,4,2,1,2,,1,2,4,4,1,1,1,3,1,,2,2,2,4,1,2,2,1,1,2,4,4,2,4,1,4
4,307,20,2025-03-19,17,1,1,10,1,,,4,,1,1,1,,,3,,4,2,,5,,,2,,1,,1,1,3,,1,,,1,,1,1,1,1,2,,2,,1,,,,,2,,,,,,2,,,,,,,,2,,,,,,,,,,,,,,,,,,,,,,,,,,,,,,,,,,2,,,,,,2,2,2,1,1,2,,2,,1,4,1,,,2,,,,1,1,1,1,2,,5,3,3,5,1,5,5,1,1,3,1,1,1,2,2,1
6,545,34,2025-03-20,15,1,1,9,1,,9,1,,4,4,7,,2,3,,2,2,,4,2,,2,1,3,3,1,1,2,,1,14,2,1,,,1,2,1,2,,2,,1,3,,,,2,,,fear parents,2,2,2,2,,,,,,,2,,,,,,,,,,,,,,,,,,,,,,,,,,,,,,,,,,,,,,,,2,2,1,1,1,2,,2,,1,5,2,1,,1,3,,4,1,1,1,1,2,1,5,5,1,5,1,5,4,2,2,2,2,2,2,2,2,1
6,548,34,2025-03-20,17,1,1,12,1,,,1,,4,1,6,,2,3,,2,2,,,2,,3,1,,1,1,1,2,,1,14,2,7,"local market, ngo, school",,1,2,1,1,13,2,1,1,,,1,,1,2,,,1,2,2,,,,,,,,,,,,,,,,,,,,,,,,,,,,,,,,,,,,,,,,,,,,,,,,1,1,1,1,1,,,2,,1,3,1,1,,1,3,4,4,1,1,1,,2,1,5,5,1,5,1,4,4,1,1,1,2,2,2,2,2,1
6,544,34,2025-03-20,19,2,2,,,,14,1,,5,1,7,,2,3,,2,4,,4,5,,3,1,1,3,1,1,2,,,,,,,,,,,1,,2,5,1,4,,6,,1,5,5,,1,2,2,2,,,,,,,,,,,,,,,,,,,,,,,,,,,,,,,,,,,,,,,,,,,,,,,,,,,1,2,,2,,1,3,1,4,,1,3,3,4,1,1,1,,2,1,3,3,3,4,3,3,3,2,2,2,2,2,2,2,2,1
6,549,34,2025-03-20,18,2,2,,,,,1,,5,1,6,,2,3,,2,2,,8,2,,4,1,3,3,1,1,2,,,,,,,,,,,2,,,,,,,,,,,,,,,,,,,,,,,,,,,,,,,,,,,,,,,,,,,,,,,,,,,,,,,,,,,,,,,2,2,2,2,1,2,,2,,1,4,2,,,2,3,4,,3,3,1,1,1,2,1,1,3,3,3,3,3,1,1,1,1,1,1,1,1,1
6,551,34,2025-03-20,14,1,1,8,1,,,1,,4,1,6,,2,2,,2,2,,,2,,3,1,1,3,3,,2,,1,,2,7,"local market, NGO, & school",3,1,2,1,2,,,,1,,,,,2,5,,,1,2,2,,,,,,,,,,,,,,,,,,,,,,,,,,,,,,,,,,,,,,,,,,,,,,,,2,2,1,1,1,2,,2,,1,5,1,,,1,3,3,4,1,1,1,,2,1,5,4,2,5,2,4,4,1,1,1,1,2,2,2,2,2
6,550,34,2025-03-20,14,1,1,7,1,,,1,,4,1,6,,2,2,,2,2,,,2,,3,1,1,3,3,,2,,1,,2,7,"local market, NGO, & school",3,1,2,1,2,,2,,1,,,,,2,5,1,,1,2,2,,,,,,,,,,,,,,,,,,,,,,,,,,,,,,,,,,,,,,,,,,,,,,,,2,2,1,1,1,2,,,,,,,,,1,3,3,4,1,1,1,,4,1,4,2,2,4,3,4,4,2,2,2,,2,2,2,2,1
6,532,33,2025-03-20,18,1,2,,,,10,1,,5,1,7,,2,4,,2,2,,,1,,3,1,2,2,1,1,9,gas and coal/charcoal,1,13,2,1,,2,1,1,3,1,18,2,1,1,,,1,,2,1,,,1,2,3,2,,,,,,,2,,,,,,,,,,,,,,,,,,,,,,,,,,,,,,,,,,,,,,,,2,2,2,2,1,2,,,,1,3,2,,,1,4,4,4,1,1,1,2,2,1,5,5,5,5,,5,5,2,2,2,2,2,2,2,1,1
6,537,33,2024-03-20,15,2,,10,,,,1,,1,1,6,,2,4,,2,2,,,1,,4,1,2,2,1,1,9,gas and coal/charcoal,,,,,,,,,,2,,2,,1,,,,,2,,,,2,2,2,,,,,,,,,,,,,,,,,,,,,,,,,,,,,,,,,,,,,,,,,,,,,,,,2,2,2,1,1,2,,2,,1,4,1,,,,4,4,4,1,1,1,1,1,1,5,5,5,5,1,5,5,2,2,2,1,2,,2,2,1
4,384,24,,19,2,2,,,,12,6,Not religious,2,2,1,,2,4,,2,3,,9,1,,3,2,1,1,2,1,1,,,,,,,,,,,1,,1,1,1,2,,1,,1,,8,,2,3,3,1,1,2,1,1,1,1,2,,,,,,,,,,,,,,,,,,,,,,,,,,,,,,,,,,,,,,,,1,1,1,1,1,2,,1,1,2,2,2,1,,1,4,6,4,1,2,2,1,1,1,,,,,,,,,,,1,3,1,1,2,1
4,386,24,,16,1,1,10,1,,,4,,1,2,3,,3,5,,2,3,,,3,,5,2,1,1,2,1,1,,1,,1,3,,4,2,2,3,2,,2,,1,5,,,,1,8,8,,1,1,1,,,,,,,,,,,,,,,,,,,,,,,,,,,,,,,,,,,,,,,,,,,,,,,,1,3,1,1,3,1,1,1,5,1,1,1,2,,1,1,2,3,1,1,1,1,4,,2,3,2,,3,2,3,2,3,2,3,2,1,3,2,3
4,383,24,,17,2,1,12,1,,,2,,1,1,1,,2,3,,1,3,,,1,,2,3,1,2,1,2,1,,,,,,,,,,,1,,1,1,,,,1,,2,3,1,,3,3,3,2,,,,,,,2,,,,,,,,,,,,,,,,,,,,,,,,,,,,,,,,,,,,,,,,2,2,,,1,2,5,2,5,4,5,3,4,,2,4,6,,1,2,3,3,1,2,1,3,3,2,1,3,3,1,1,1,1,2,3,1,1,1
4,385,24,,13,1,1,7,2,,,5,,1,1,1,,2,2,,2,3,,,1,,3,4,1,2,3,2,2,,1,,1,3,,2,1,1,3,3,,2,3,1,2,,1,,3,8,8,,2,3,3,,,,,,,,,,,,,,,,,,,,,,,,,,,,,,,,,,,,,,,,,,,,,,,,2,2,2,2,1,2,5,2,5,2,1,3,2,,1,4,6,4,1,2,3,3,3,1,,,,,,,,,,,3,2,3,3,3,1
5,406,25,,13,1,1,5,1,,,1,,1,1,6,,2,2,,2,2,,4,1,,4,1,1,2,3,1,2,,2,,,,,,,,,,,,,,,,,,,,,,,,,,,,,,,,,,,,,,,,,,,,,,,,,,,,,,,,,,,,,,,,,,,,,,,,,,,,,,,,,,,,,,,,,,,,,,2,1,4,3,4,4,2,4,5,1,2,2,3,2,2,1,1,1
5,466,30,2025-03-19,16,1,2,,,,8,1,,2,1,6,,4,7,,2,2,,,1,,3,2,1,3,3,1,3,,1,,6,1,,2,1,1,1,1,,2,5,1,5,,1,,1,2,3,,1,1,2,2,,,,,,,1,16,2,,1,1,15,1,1,1,1,1,1,1,1,1,1,1,1,1,2,1,1,1,1,1,1,1,1,1,1,1,1,2,2,1,2,2,2,1,1,1,1,1,1,1,,1,3,1,2,1,4,,1,1,2,4,1,1,1,1,1,1,5,5,4,5,1,5,4,2,2,2,1,2,3,2,1,1
5,405,25,2025-03-19,15,2,1,7,1,,,1,,1,1,6,,2,2,,2,2,,6,,,4,1,1,3,1,1,2,,,,,,,,,,,,,,,,,,,,,,,,,,,,,,,,,,,,,,,,,,,,,,,,,,,,,,,,,,,,,,,,,,,,,,,,,,1,3,1,2,2,1,3,2,1,1,4,2,,,2,4,4,4,1,1,1,2,2,2,2,4,5,5,3,5,3,3,3,3,3,4,4,3,,3
2,107,8,2025-03-19,20,1,2,,,,11,1,,5,1,5,,4,6,,1,1,,3,2,,4,1,2,2,2,1,2,,1,,2,1,,2,1,1,3,3,,3,7,1,1,,,,,,,,1,2,2,2,,,,,,,2,,,,,,,,,,,,,,,,,,,,,,,,,,,,,,,,,,,,,,,,2,,2,1,1,2,,2,,1,4,1,4,,1,3,6,,1,1,1,2,1,2,4,4,4,4,2,3,3,4,4,4,4,4,4,4,4,4
2,102,8,2025-03-19,18,1,2,,,,,1,,5,1,6,,4,2,,2,2,,,2,,3,1,2,2,1,1,2,,1,14,2,1,,2,1,1,1,2,,2,6,1,5,,6,,2,5,2,,1,2,2,3,,,,,,,2,,,,,,,,,,,,,,,,,,,,,,,,,,,,,,,,,,,,,,,,1,1,2,1,1,2,5,3,5,1,3,2,4,,1,3,3,4,1,1,1,1,2,,5,3,2,5,1,2,2,1,2,1,2,1,2,2,2,1
5,404,25,2025-03-19,13,1,1,7,1,,,1,,1,1,6,,2,7,,2,3,,2,1,,4,1,1,3,1,1,2,,2,,,,,,,,,2,,,,1,1,,,,2,,,,1,1,2,,,,,,,,,,,,,,,,,,,,,,,,,,,,,,,,,,,,,,,,,,,,,,,,1,1,1,1,1,,,2,,1,2,1,4,,1,4,4,4,1,1,1,1,1,1,5,5,4,5,1,5,4,1,2,3,2,4,2,1,4,1
5,410,25,2025-03-19,13,2,1,7,1,,,1,,1,1,5,,6,6,,2,4,,3,3,,5,3,2,2,2,2,2,,,,,,,,,,,,,,,,,,,,,,,,,,,,,,,,,,,,,,,,,,,,,,,,,,,,,,,,,,,,,,,,,,,,,,,,,,2,2,2,1,1,2,,2,,1,3,2,3,,1,4,6,,3,1,3,3,1,1,3,4,2,4,1,3,4,1,1,1,1,1,2,2,1,1
5,407,25,2025-03-19,14,2,1,8,1,,,1,,1,1,5,,4,4,,2,2,,4,3,,4,1,1,3,1,2,1,,,,,,,,,,,,,,,,,,,,,,,,,,,,,,,,,,,,,,,,,,,,,,,,,,,,,,,,,,,,,,,,,,,,,,,,,,1,1,3,2,1,2,5,3,5,4,4,3,,,2,4,5,,2,1,1,3,1,1,1,1,1,3,1,5,5,1,2,2,4,3,1,1,2,4
5,408,25,2025-03-19,15,1,1,8,1,,,1,,1,1,7,,2,4,,3,3,,8,3,,4,2,1,4,3,1,2,,1,,4,3,,1,1,1,2,2,,2,,1,1,,3,,1,4,2,,2,3,3,3,,,,,,,2,,,,,,,,,,,,,,,,,,,,,,,,,,,,,,,,,,,,,,,,1,1,3,1,1,2,5,3,5,4,4,2,1,,2,4,6,,3,3,3,3,1,2,3,3,3,3,1,3,3,2,2,1,2,1,1,1,1,1
5,409,25,2025-03-19,17,1,2,,,,10,1,,1,2,7,,2,4,,2,3,,7,2,,3,1,1,3,3,1,2,,1,,1,3,,2,1,1,3,2,,2,,1,1,,,,1,5,4,,1,1,3,,,,,,,,,,,,,,,,,,,,,,,,,,,,,,,,,,,,,,,,,,,,,,,,2,2,2,2,1,2,5,3,5,4,5,3,,,2,4,6,,3,3,3,3,4,,4,4,4,4,4,5,4,1,1,1,1,1,1,1,1,1
5,456,29,2025-03-19,13,1,1,5,2,,,1,,1,1,5,,2,2,,2,2,,4,2,,4,1,2,2,2,1,4,,2,,,,,,,,,2,,2,,1,1,,,,2,,,,2,2,1,3,,,,,,,2,,,,,,,,,,,,,,,,,,,,,,,,5,,,,,,,,,,,,,,,,1,1,1,1,1,2,5,2,5,4,3,3,2,,2,,5,,1,3,3,3,1,2,4,4,4,4,2,4,4,2,2,1,1,2,2,2,1,1
,460,29,2025-03-19,14,2,1,6,1,,,3,,1,1,5,,2,2,,2,2,,,2,,4,1,2,2,2,1,2,,,,,,,,,,,,,,,,,,,,,,,,,,,,,,,,,,,,,,,,,,,,,,,,,,,,,,,,,,,,,,,,,,,,,,,,,,3,3,3,2,1,2,,3,5,4,5,3,2,,1,4,6,,3,3,3,3,1,,4,4,4,4,1,4,4,1,2,4,1,4,2,2,1,2
,452,29,2025-03-19,17,2,1,13,1,,,1,,1,1,6,,2,,,2,2,,,1,,4,1,1,3,3,1,2,,,,,,,,,,,2,,,6,2,,,,,2,,,,2,,2,2,,,,,,,,,2,,,,,,,,,,,,,,,,,,,,,,,,,,,,,,,,,,,,,,2,2,2,2,2,2,,2,,1,4,3,4,,2,3,3,4,1,1,1,3,2,1,5,5,5,5,2,2,5,1,1,1,1,1,1,1,1,1
,457,29,2025-03-19,19,1,2,,,,11,1,,5,1,6,,4,3,,2,2,,5,2,,4,1,1,2,2,1,4,,2,,,,,,,,,2,,3,7,1,3,,,,2,,3,,2,2,3,1,1,2,2,2,2,1,2,,,,,,,,,,,,,,,,,,,,,,,,,,,,,,,,,,,,,,,,2,2,3,2,1,2,,2,,4,3,3,1,,2,4,6,,3,3,3,2,1,2,4,4,4,4,2,2,2,1,2,2,2,1,1,2,3,2
1,19,2,2025-03-18,20,1,2,,,,,1,,5,1,6,,2,2,,2,4,,5,,,3,1,3,3,1,1,4,,1,14,2,1,,2,1,1,1,2,,2,,1,3,,,,1,4,3,,2,2,2,1,1,1,1,1,1,1,1,22,2,,,2,2,1,2,1,1,1,1,1,2,1,6,2,2,2,2,2,2,2,1,1,1,1,1,1,1,1,1,3,1,1,1,1,1,1,2,2,1,1,1,2,5,2,5,4,5,2,5,,2,3,3,3,1,1,1,2,1,1,4,3,3,4,3,4,4,2,2,2,2,2,2,2,2,1
1,18,2,2025-03-18,19,2,2,,,,14,1,,3,2,5,,6,1,,5,1,,8,1,,4,1,1,1,2,1,2,,,,,,,,,,,1,,3,7,1,3,,8,,2,,8,,2,2,2,2,,,,,,,2,,,,,,,,,,,,,,,,,,,,,,,,,,,,,,,,,,,,,,,,2,2,2,2,1,2,5,2,5,4,3,1,4,,2,3,3,3,1,1,1,3,4,2,4,4,4,4,2,4,5,4,2,4,4,1,2,1,1,1
1,17,2,2025-03-18,17,1,1,10,1,,,1,,1,1,6,,2,3,,2,2,,7,1,,3,1,3,3,1,1,4,,1,14,2,1,,2,2,1,2,2,,2,,1,1,,,,1,4,3,,1,2,2,1,1,1,1,1,1,2,1,,2,,,2,,1,2,1,1,1,2,1,4,1,1,1,1,2,3,2,2,2,4,2,1,1,2,1,1,1,1,4,1,2,2,1,3,1,2,2,2,2,1,2,,2,,,5,2,4,,2,4,3,,1,1,1,2,1,1,4,4,1,4,1,4,1,2,3,2,2,2,4,2,2,1
1,25,2,2025-03-19,14,1,1,8,1,,,1,,1,1,6,,2,2,,2,4,,4,2,,4,1,2,2,2,1,2,,1,,2,1,,2,2,,2,2,,2,,2,7,,6,,2,5,5,,2,,2,,,,,,,,,,,,,,,,,,,,,,,,,,,,,,,,,,,,,,,,,,,,,,,,,,,,1,2,,1,1,4,3,1,,,2,4,3,4,1,1,,1,,1,4,4,4,4,2,4,4,1,1,2,2,2,2,2,2,2
,24,,,20,1,2,,,,14,1,,5,1,6,,2,8,,2,3,,3,1,,4,2,1,2,1,1,4,,1,14,2,1,,3,1,1,1,1,,2,7,1,5,,1,,2,5,5,,1,1,2,,,,,,,,,,,,,,,,,,,,,,,,,,,,,,,,,,,,,,,,,,,,,,,,2,2,3,1,1,2,,,,1,3,,4,,,3,6,,1,1,1,2,2,1,3,4,4,5,2,5,4,3,2,2,2,2,4,3,1,1
1,21,2,2025-03-18,15,2,1,8,1,,7,1,,1,1,6,,2,8,,2,4,,3,1,,4,1,3,3,1,1,2,,,,,,,,,,,2,,,,1,1,,,,2,,3,,2,2,2,,,,,,,,,,,,,,,,,,,,,,,,,,,,,,,,,,,,,,,,,,,,,,,,2,2,2,,1,2,5,2,5,3,4,2,3,,2,4,4,4,2,2,1,1,1,2,3,1,3,4,1,5,3,1,1,2,2,1,2,1,3,1
1,20,2,,18,2,2,,,,14,1,,5,1,6,,2,8,,2,2,,5,1,,4,1,2,3,1,1,4,,,,,,,,,,,2,,2,,1,1,,,,2,,3,,2,2,2,2,,,,,,,,,,,,,,,,,,,,,,,,,,,,,,,,,,,,,,,,,,,,,,,2,2,2,2,1,2,,2,5,1,4,2,4,,2,3,2,3,1,1,1,1,4,1,4,4,3,4,2,3,4,2,2,3,2,2,1,2,2,1
2,146,10,2025-03-20,17,2,1,12,,,,1,,1,1,6,,2,2,,2,3,,3,2,,3,1,1,4,1,1,9,"gas, coal/charcoal",,,,,,,,,,1,,2,5,1,1,,1,,1,1,1,,2,2,2,2,,,,,,,2,,,,,,,,,,,,,,,,,,,,,,,,,,,,,,,,,,,,,,,,2,2,2,1,3,2,,1,3,1,3,1,5,,2,3,3,4,1,1,2,2,1,1,4,2,2,4,2,2,4,1,1,2,2,1,3,1,2,1
1,23,2,2025-03-19,14,1,1,8,1,,,1,,1,1,7,,2,4,,2,2,,,2,,4,1,2,2,2,1,2,,1,13,2,1,,,1,1,1,2,,2,6,1,1,,6,,2,5,5,,2,2,2,,,,,,,,,,,,,,,,,,,,,,,,,,,,,,,,,,,,,,,,,,,,,,,,1,2,1,2,1,2,,2,,1,3,1,,,2,3,3,4,1,1,2,2,,,4,4,4,4,2,5,5,2,2,,2,1,1,2,2,2
4,316,20,2025-03-20,20,1,2,,,,11,1,,5,1,1,,2,4,,2,4,,5,2,,3,1,2,4,1,1,3,,1,,1,5,,2,2,2,1,2,,2,,1,5,,,,2,,,,1,,,1,2,1,2,1,1,2,2,,,,,,,,,,,,,,,,,,,,,,,,2,2,1,1,2,1,1,2,1,2,2,5,2,1,2,3,2,2,2,1,1,2,,2,,,,,,,1,4,3,4,2,,1,,1,2,4,2,4,4,2,2,4,1,1,1,1,1,1,1,1,1
2,178,12,2025-03-20,13,1,1,6,2,,,3,,,2,5,,6,5,,2,1,,5,,,4,1,1,2,2,1,2,,2,,,,,,,,,2,,2,6,1,,,6,,2,5,4,,1,2,2,,,,,,,,,,,,,,,,,,,,,,,,,,,,,,,,,,,,,,,,,,,,,,,,2,2,2,1,1,2,,1,3,2,4,2,4,,2,2,4,4,1,3,3,3,3,2,3,4,5,5,2,4,4,2,2,1,2,4,1,2,2,4
,458,29,2025-03-19,20,2,2,,,,11,1,,5,2,6,,2,2,,2,2,,6,2,,4,1,1,2,2,1,2,,,,,,,,,,,,,,,,,,,,,,,,,,,,,,,,,,,,,,,,,,,,,,,,,,,,,,,,,,,,,,,,,,,,,,,,,,1,1,3,1,1,2,,1,4,1,2,1,1,,1,3,6,,1,3,3,3,1,2,1,2,4,4,1,2,2,1,2,2,2,2,1,1,2,2
,459,29,2025-03-19,19,1,2,,,,11,3,,5,2,7,,4,7,,2,2,,,2,,3,1,1,2,2,1,4,,1,,2,1,,3,2,1,2,2,,3,7,1,3,,8,,3,8,8,,3,3,3,3,,,,,,,2,,,,,,,,,,,,,,,,,,,,,,,,,,,,,,,,,,,,,,,,3,2,3,2,1,2,5,3,5,4,5,3,1,,2,4,6,,3,3,3,3,4,,4,4,4,4,1,4,4,2,1,2,3,4,2,4,1,2
,454,29,2025-03-19,19,1,2,,,,11,1,,5,1,6,,2,2,,2,2,,7,2,,3,1,1,3,1,1,2,,2,,,,,,,,,2,,2,,1,3,,,,2,,3,,1,3,3,3,,,,,,,2,,,,,,,,,,,,,,,,,,,,,,,,,,,,,,,,,,,,,,,,1,1,1,1,1,2,,2,,1,3,2,1,,1,1,2,2,1,1,1,2,1,1,4,4,4,4,1,4,4,2,2,3,2,1,2,2,1,2
,453,29,2025-03-19,20,1,2,,,,11,1,,5,1,5,,2,1,,2,2,,5,2,,4,1,3,2,1,1,4,,2,,,,,,,,,2,,2,,1,1,,,,2,,,,1,3,3,2,,,,,,,2,,,,,,,,,,,,,,,,,,,,,,,,,,,,,,,,,,,,,,,,1,1,1,1,1,2,,2,,1,4,2,4,,2,3,3,,1,1,1,1,1,2,4,4,2,4,1,5,5,2,1,1,2,2,2,4,1,1
,461,29,2025-03-19,14,2,1,7,1,,,1,,1,1,5,,2,1,,2,2,,,2,,3,1,1,2,2,2,4,,,,,,,,,,,,,,,,,,,,,,,,,,,,,,,,,,,,,,,,,,,,,,,,,,,,,,,,,,,,,,,,,,,,,,,,,,1,1,3,2,1,2,,3,5,4,5,3,1,,1,4,6,,1,1,1,2,1,,1,3,2,4,1,2,2,2,1,3,1,2,1,3,2,1
4,333,21,2025-03-20,20,1,1,,1,,,1,,1,1,6,,2,4,,2,3,,4,5,,3,1,3,3,4,1,2,,1,14,2,1,,2,2,1,1,2,,,,1,,,,,2,,,,2,2,2,,,,,,,,,,,,,,,,,,,,,,,,,,,,,,,,,,,,,,,,,,,,,,,,1,1,1,1,1,2,,2,,1,4,1,,,2,3,3,4,1,1,2,1,1,2,5,5,4,5,2,5,5,2,2,2,2,2,2,2,2,1
4,373,23,2025-03-20,13,1,1,6,1,,,1,,1,1,7,,2,1,,2,1,,5,2,,3,3,2,3,,1,2,,2,,,,,,,,,2,,2,,1,1,,,,2,5,6,,1,2,2,2,,,,,,,2,,,,,,,,,,,,,,,,,,,,,,,,,,,,,,,,,,,,,,,,2,2,2,2,1,2,,2,,1,4,2,,,2,4,6,,3,3,3,3,1,2,5,2,3,5,3,3,3,1,1,2,1,1,2,2,1,1
4,374,23,2025-03-20,20,1,1,,1,,,1,,1,1,7,,2,1,,2,1,,6,2,,3,3,2,3,2,1,2,,1,14,2,1,,2,2,2,2,2,,2,,1,1,,,,2,5,6,,1,2,2,3,,,,,,,2,,,,,,,,,,,,,,,,,,,,,,,,,,,,,,,,,,,,,,,,1,2,2,1,1,1,,2,,3,4,2,,,1,4,4,4,2,2,2,2,1,2,5,4,3,5,3,3,3,1,2,1,2,1,2,1,1,1
4,375,23,2025-03-20,20,1,2,,,,14,1,,5,3,7,,2,1,,2,1,,7,,,3,3,2,2,2,1,2,,1,13,2,1,,2,2,2,2,2,,2,6,2,,,,,2,5,6,,1,2,2,3,,,,,,,1,20,2,,,2,,2,2,2,2,1,2,2,,1,1,2,1,2,3,2,2,2,1,2,1,1,1,1,1,1,1,3,2,2,2,3,3,2,2,2,2,2,1,2,,2,,3,4,2,,,2,3,2,3,2,1,2,2,1,2,5,3,3,5,1,3,3,1,2,1,2,1,1,1,2,1
4,372,23,2025-03-20,20,1,2,,,,14,1,,2,1,7,,2,1,,2,1,,3,2,,3,3,2,3,2,1,2,,1,13,2,1,,2,2,2,2,2,,2,,2,,,,,2,5,6,,1,2,2,2,,,,,,,2,,,,,,,,,,,,,,,,,,,,,,,,,,,,,,,,,,,,,,,,2,2,2,2,1,2,,2,,1,4,2,,,2,4,3,4,3,2,2,2,1,2,5,3,3,5,2,2,2,1,1,2,2,1,2,1,1,1
6,534,33,2025-03-20,13,2,1,,,,7,1,,1,1,5,,2,3,,2,2,,,1,,3,1,2,2,2,1,9,gas/charcoal,,,,,,,,,,2,,2,,1,,,,,2,,,,2,2,2,,,,,,,,,,,,,,,,,,,,,,,,,,,,,,,,,,,,,,,,,,,,,,,,2,2,2,1,1,2,,2,,1,4,1,4,,1,4,4,4,1,1,1,1,1,1,5,5,5,5,1,5,5,2,2,2,2,2,2,2,2,2
6,526,33,2025-03-19,19,1,2,,,,11,1,,5,1,7,,2,7,,2,2,,6,1,,3,1,2,2,1,1,9,gas & coal/charcoal,1,14,,7,local market and ngo ,2,1,1,3,1,16,2,1,1,,,2,,2,,,,1,2,1,2,,,,,,,1,18,2,,,1,,2,2,1,1,1,2,1,,1,1,1,1,1,2,2,2,2,,1,2,2,,2,,2,2,,,,,2,2,1,3,2,2,1,1,2,,1,3,1,3,1,,,2,3,4,,1,1,1,2,3,1,5,5,5,5,1,5,5,2,2,2,2,2,2,2,1,1
6,529,33,2025-03-20,19,2,2,,,,11,1,,5,1,7,,2,4,,2,2,,,7,wage employment and petty buisness,3,1,2,2,1,1,2,,,,,,,,,,,2,,2,,1,,,,,2,,,,2,2,2,2,,,,,,,2,,,,,,,,,,,,,,,,,,,,,,,,,,,,,,,,,,,,,,,,2,2,2,1,1,2,,2,,,5,1,,,1,4,4,4,1,1,1,2,2,2,5,5,5,5,1,5,5,2,2,2,2,1,2,2,1,1
6,528,33,2025-03-20,19,2,2,,,,11,1,,5,1,6,,2,3,,2,2,,,2,,4,1,2,2,1,1,2,,,,,,,,,,,2,,2,,1,,,,,2,,,,2,2,2,2,,,,,,,2,,,,,,,,,,,,,,,,,,,,,,,,,,,,,,,,,,,,,,,,2,2,2,1,1,2,,2,,1,2,1,1,,1,4,6,4,1,1,1,2,2,1,5,5,5,5,1,5,5,2,2,2,2,2,2,1,2,1
6,527,33,2025-03-20,19,2,,,1,,11,1,,5,1,6,,2,3,,2,2,,,2,,3,1,2,2,1,1,9,gas and wood,,,,,,,,,,2,,2,,1,,,,,2,,,,2,2,2,2,,,,,,,2,,,,,,,,,,,,,,,,,,,,,,,,,,,,,,,,,,,,,,,,2,2,2,1,1,2,,2,,1,4,1,,,1,4,4,4,1,1,1,2,2,2,5,5,1,5,1,5,5,2,2,2,2,1,,,1,1
6,530,33,2025-03-20,15,2,1,9,2,,,1,,1,1,7,,2,2,,2,2,,,1,,3,1,2,2,1,1,9,gas/coal,,,,,,,,,,2,,2,,1,,,,,2,,,,2,,2,2,,,,,,,,,,,,,,,,,,,,,,,,,,,,,,,,,,,,,,,,,,,,,,,2,2,2,2,1,2,,2,,1,4,1,,,1,4,4,,1,1,1,2,1,1,5,5,5,5,1,5,5,2,2,2,2,2,1,1,1,1
6,533,33,2025-03-20,16,1,1,9,1,,,1,,1,1,6,,2,3,,2,2,,,1,,3,1,2,2,1,1,2,,1,10,2,1,,2,1,1,3,2,,,,1,,,,,2,,,,2,,3,2,,,,,,,2,,,,,,,,,,,,,,,,,,,,,,,,,,,,,,,,,,,,,,,,2,2,2,1,1,,,2,4,,3,2,,,1,3,4,4,1,1,1,3,1,1,5,5,5,5,1,5,5,2,2,2,2,2,2,2,1,1
2,147,10,,15,2,1,9,,,,1,,1,1,7,,2,3,,2,3,,5,2,,4,1,1,3,1,1,2,,,,,,,,,,,2,,2,6,1,1,,6,,2,5,5,,2,2,2,2,,,,,,,2,,,,,,,,,,,,,,,,,,,,,,,,,,,,,,,,,,,,,,,,2,2,2,2,1,2,,2,,1,5,2,1,,1,4,6,,1,1,1,2,1,2,4,2,2,4,2,4,4,1,1,1,1,1,1,1,1,1
4,315,20,2025-03-20,20,1,2,,,,14,1,,2,1,6,,2,2,,2,1,,,1,,3,1,1,3,1,1,2,,1,,2,1,,3,2,2,1,,,,,,1,,,,,,1,,,,,2,,,,,,,1,17,2,,1,2,,2,2,2,1,2,2,2,2,1,1,2,,2,2,2,2,2,1,2,1,1,2,1,1,1,1,2,2,3,2,1,2,3,2,,2,1,1,2,,2,5,1,5,1,,,1,3,4,4,1,1,1,2,2,2,5,5,5,5,1,5,5,1,1,1,2,1,1,1,1,1
2,177,12,2025-03-20,14,2,1,6,,,,1,,1,2,6,,4,4,,2,2,,7,2,,3,1,1,3,1,1,9,coil,,,,,,,,,,1,,2,3,1,6,,1,,1,2,4,,1,2,2,,,,,,,,,,,,,,,,,,,,,,,,,,,,,,,,,,,,,,,,,,,,,,,,2,1,2,1,3,1,2,1,2,1,4,2,4,,1,3,3,4,1,1,1,1,2,1,2,2,5,5,1,2,5,4,2,2,4,2,2,2,2,2
2,180,12,2025-03-20,15,2,1,7,2,,,1,,1,1,7,,4,1,,2,2,,5,2,,4,1,1,3,3,1,1,,,,,,,,,,,2,,,,1,,,,,2,,,,2,2,2,,,,,,,,,,,,,,,,,,,,,,,,,,,,,,,,,,,,,,,,,,,,,,,,1,1,1,1,1,2,,2,,2,4,1,4,,1,4,6,,1,1,2,2,2,,5,5,5,5,2,2,1,1,1,2,2,2,1,1,2,2
4,394,24,2025-03-20,18,2,1,,4,,,1,,5,1,1,,2,1,,1,2,,4,2,,4,1,3,2,,1,2,,,,,,,,,,,1,,2,7,2,1,,1,,2,8,1,,2,2,2,2,,,,,,,,,,,,,,,,,,,,,,,,,,,,,,,,,,,,,,,,,,,,,,,2,2,2,1,1,2,,2,,1,5,2,4,,2,4,4,4,1,1,1,1,1,1,5,4,4,5,2,,4,2,3,1,3,2,1,3,2,2
4,393,24,2024-03-20,17,1,1,12,3,,,3,,4,1,6,,2,5,,2,3,,,3,,5,3,1,1,2,2,6,,1,9,1,4,,3,1,1,1,1,13,1,2,1,3,,1,,2,1,2,,2,3,3,2,,,,,,,1,15,1,,1,1,,1,1,2,1,2,2,1,1,1,1,1,1,2,1,1,1,1,1,1,1,1,2,2,2,,1,1,2,2,1,3,1,1,2,3,2,2,1,2,,1,3,1,2,2,1,,1,4,6,,3,2,2,3,1,2,2,1,1,3,3,4,3,3,2,3,3,3,3,3,4,2
4,392,24,2025-03-20,19,2,1,13,1,,,4,,3,2,1,,6,7,,4,2,,12,1,,5,3,3,3,2,2,5,,,,,,,,,,,1,,1,2,2,7,,5,,1,8,6,,1,1,1,1,1,2,2,1,2,2,2,,,,,,,,,,,,,,,,,,,,,,,,,,,,,,,,,,,,,,,,2,3,2,1,1,2,,1,1,2,2,1,3,,1,3,4,3,1,1,1,2,2,2,1,3,2,3,1,3,3,2,1,1,4,4,4,1,4,4
4,395,24,2025-03-20,15,1,1,10,1,,,1,,1,2,1,,2,3,,3,2,,,1,,3,2,1,2,3,2,3,,1,13,4,5,,1,2,1,3,1,13,1,1,2,7,,1,,1,4,3,,1,1,1,,,,,,,,1,14,2,,1,2,,1,1,2,1,2,2,1,1,1,1,1,1,1,1,2,2,2,1,2,1,1,1,1,2,2,1,1,1,1,2,1,1,1,2,2,2,1,1,2,,2,,1,4,2,,,1,4,4,4,1,1,1,1,2,2,2,3,1,1,1,1,1,2,1,1,3,1,2,2,1,1
5,413,26,2025-03-18,18,2,,,,,,1,,4,2,6,,2,2,,2,1,,5,1,,4,1,1,,,1,2,,,,,,,,,,,,,,,,,,,,,,,,,,,,,,,,,,,,,,,,,,,,,,,,,,,,,,,,,,,,,,,,,,,,,,,,,,2,,2,1,2,2,,1,4,1,2,1,4,,1,3,4,4,1,1,1,1,2,2,4,3,4,5,1,4,4,2,1,2,2,1,1,1,2,1
2,119,9,2025-03-19,18,1,1,9,1,,,1,,1,1,6,,2,1,,2,2,,5,1,,4,1,2,2,2,1,2,,1,13,2,6,,2,1,2,2,2,,2,6,1,5,,6,,2,5,5,,2,2,2,2,,,,,,,2,,,,,,,,,,,,,,,,,,,,,,,,,,,,,,,,,,,,,,,,1,2,1,1,1,2,,1,2,1,4,1,5,,1,3,3,4,1,1,1,1,2,2,2,4,4,4,1,2,2,2,2,1,2,4,2,2,1,3
5,467,30,2025-03-19,15,1,1,7,2,,,3,,1,1,7,,3,4,,2,4,,6,4,,4,1,1,3,1,1,2,,1,,1,1,,1,1,1,1,1,13,1,2,1,5,,1,,2,,5,,1,1,1,,,,,,,,1,14,2,,1,2,,1,,1,1,2,2,1,1,1,3,2,2,1,2,1,2,1,1,1,1,1,1,1,1,1,1,4,1,3,2,2,2,1,1,1,1,1,1,,,1,3,1,5,1,5,,1,3,4,4,1,1,,1,1,2,5,5,4,5,1,4,4,2,2,1,2,1,3,3,1,2
5,470,30,2025-03-19,13,1,1,7,1,,,1,,1,1,6,,2,8,,2,3,,10,1,,4,1,1,3,,1,2,,2,,,,,,,,,2,,,,1,1,,,,2,,,,1,1,2,,,,,,,,2,,,,,,,,,,,,,,,,,,,,,,,,,,,,,,,,,,,,,,,,1,1,1,1,1,2,,2,,1,2,1,4,,1,4,4,4,1,1,1,1,1,1,5,5,4,5,1,5,4,1,2,3,2,4,2,1,4,2
5,469,30,2025-03-19,17,2,1,8,,,,2,,4,1,5,,5,2,,2,4,,4,1,,3,1,1,3,1,1,4,,,,,,,,,,,2,,,,1,1,,,,2,,2,,1,2,2,,,,,,,,2,,,,,,,,,,,,,,,,,,,,,,,,,,,,,,,,,,,,,,,,2,2,1,1,1,2,,1,3,1,3,1,4,,1,4,4,4,1,1,1,1,1,1,5,5,4,5,1,5,4,2,2,1,2,3,3,2,1,2
2,121,9,,20,2,1,12,1,,,1,,3,1,5,,4,4,,1,1,,4,2,,5,1,1,2,2,1,2,,,,,,,,,,,2,,2,,1,5,,6,,3,,2,,1,2,2,1,2,1,2,1,1,2,2,,,,,,,,,,,,,,,,,,,,,,,,,,,,,,,,,,,,,,,,1,2,1,1,1,2,,1,3,3,3,1,4,,1,1,4,4,1,1,1,1,2,1,2,3,4,5,4,2,5,2,2,2,2,2,2,2,2,1
5,468,30,2025-03-19,14,1,1,5,1,,,1,,1,1,5,,2,3,,2,2,,7,1,,3,2,1,3,1,1,2,,2,,,,,,,,,1,14,1,3,,,,,,,,,,,,,,,,,,,,,,,,,,,,,,,,,,,,,,,,,,,,,,,,,,,,,,,,,,,,1,2,2,1,1,2,,1,3,1,2,1,1,,1,1,2,3,1,1,1,1,1,1,5,5,4,5,1,4,4,1,2,2,3,2,2,1,2,2
3,254,17,2025-03-20,18,1,1,7,1,,,1,,1,1,3,,3,3,,2,3,,12,5,,3,1,4,,,1,4,,1,13,1,2,,2,2,1,1,2,,2,,2,,,,,2,5,8,,2,2,2,3,,,,,,,,,,,,,,,,,,,,,,,,,,,,,,,,,,,,,,,,,,,,,,,,,,,1,,,,,,,,,,,,,,,,,,1,,,,,,,,,,,,,,,,,
3,253,17,2025-03-20,18,1,2,,,,,,,,,,,,,,,,,,,,,,,,,,,,1,,1,1,,3,1,2,1,2,,,,1,5,,,,2,5,8,,2,2,2,2,,,,,,,,,,,,,,,,,,,,,,,,,,,,,,,,,,,,,,,,,,,,,,,,,,,1,,,,,,,,,,,,,,,,,,2,2,5,3,5,5,2,3,,2,3,2,1,,4,2,4,1
3,252,17,2025-03-20,18,1,2,,,,,1,,2,1,6,,5,,,1,2,,,1,,3,1,,,,1,2,,1,,1,1,,3,2,2,2,2,,,,2,,,,,,,,,,,,,,,,,,,2,,,,,,,,,,,,,,,,,,,,,,,,,,,,,,,,,,,,,,,,,,,,,,,,,,,,,,,,,,,,,,,,5,2,5,5,2,1,,,,,,,,,,
2,122,9,,20,2,2,,,,11,3,,5,2,1,,2,8,,2,2,,4,6,,3,1,1,,,1,1,,,,,,,,,,,1,,1,7,2,,,,,2,,3,,1,2,2,2,,,,,,,2,,,,,,,,,,,,,,,,,,,,,,,,,,,,,,,,,,,,,,,,1,2,1,1,3,1,3,1,3,2,3,2,3,,2,2,3,4,1,1,1,,,,5,2,5,5,1,2,4,1,1,2,2,1,2,2,1,1
4,311,20,2025-03-19,18,1,2,,,,,1,,4,1,5,,2,4,,2,2,,,1,,4,1,1,1,2,1,2,,1,16,2,1,,2,2,1,3,3,,,,,,,,,,,,,2,2,3,3,,,,,,,2,,,,,,,,,,,,,,,,,,,,,,,,,,,,,,,,,,,,,,,,2,2,3,1,1,,,2,,1,5,3,4,,1,4,6,,3,1,1,3,2,2,5,3,3,3,3,5,5,2,1,2,1,1,2,2,3,1
4,306,20,2025-03-19,18,1,1,10,2,,,1,,1,1,1,,2,3,,2,3,,,2,,3,3,2,4,3,1,3,,1,16,2,1,,2,1,1,2,1,16,2,1,1,4,,6,,2,8,8,,1,2,2,2,,,,,,,2,,,,,,,,,,,,,,,,,,,,,,,,,,,,,,,,,,,,,,,,2,2,2,2,1,2,,2,,1,3,2,4,,2,4,6,,2,3,1,1,1,2,5,2,4,5,2,4,4,1,2,2,1,1,1,2,1,1
4,304,20,2025-03-19,13,1,1,7,1,,,1,,4,1,7,,2,3,,2,2,,6,2,,4,1,1,2,1,1,2,,1,,2,1,,2,2,2,3,3,,,,,,,,,,,,,,,,,,,,,,,,,,,,,,,,,,,,,,,,,,,,,,,,,,,,,,,,,,,,,,,2,2,3,1,1,,,,,2,5,3,,,1,4,6,,3,3,3,3,2,2,4,3,3,5,2,3,4,1,1,1,1,1,2,1,1,1
5,473,30,2025-03-19,20,2,2,,,,,,,,,,,2,2,,2,2,,,1,,3,,1,3,2,1,2,,,,,,,,,,,,,,,,,,,,,,,,,,,,,,,,,,,,,,,,,,,,,,,,,,,,,,,,,,,,,,,,,,,,,,,,,,1,1,2,2,2,2,3,1,3,2,3,2,2,,1,2,2,3,,,,,,,1,4,3,4,3,3,4,2,3,1,2,2,4,4,3,2
5,472,36,2025-03-19,20,2,,,,,,1,,5,3,6,,2,2,,2,2,,7,2,,3,1,3,3,1,1,4,,,,,,,,,,,,,,,,,,,,,,,,,,,2,,,,,,,,,,,,,,,,,,,,,,,,,,,,,,,,,,,,,,,,,,,,,,,2,,,,2,1,4,1,4,1,2,1,1,,1,4,4,4,2,1,1,1,1,2,4,4,4,4,2,5,4,1,2,2,3,1,2,2,4,2
4,310,20,2025-03-19,17,1,1,9,1,,9,1,,4,1,7,,2,4,,2,2,,4,2,,4,1,1,2,1,1,2,,1,,2,1,,1,1,2,2,3,,,,,,,8,,3,8,8,,1,2,2,,,,,,,,,,,,,,,,,,,,,,,,,,,,,,,,,,,,,,,,,,,,,,,,2,2,3,1,1,2,,,,1,5,3,,,,4,6,,3,1,,,2,2,5,3,3,3,2,5,5,1,1,2,1,2,1,1,1,1
4,324,21,2025-03-19,19,1,,,2,,14,1,,5,1,6,,2,1,,2,4,,,2,,3,1,3,3,1,1,2,,1,16,,1,,,,,,,,,,1,,,,,2,8,8,,2,2,2,,,,,,,,,,,,,,,,,,,,,,,,,,,,,,,,,,,,,,,,,,,,,,,,2,2,3,2,1,2,,,,1,3,1,,,2,4,4,3,1,1,2,2,1,1,4,4,4,2,2,4,4,2,2,2,2,2,2,2,2,1
4,323,21,2025-03-19,20,1,2,,,,14,1,,5,1,6,,2,2,,2,4,,,2,,3,1,3,3,1,1,3,,1,16,,1,,2,1,1,1,1,16,2,1,1,,,1,,2,,,,2,2,2,,,,,,,,1,16,2,,,,,1,,1,1,1,,1,,1,1,1,1,2,2,2,2,1,1,2,1,1,2,1,1,1,1,3,2,,1,1,2,1,1,2,2,,1,2,,,,,,1,,,1,3,3,4,1,1,2,1,4,2,4,5,4,4,2,4,1,2,2,2,2,2,2,2,2,2
,401,25,,16,1,1,9,1,,,1,,1,1,6,,4,2,,2,2,,,2,,3,1,,3,1,1,3,,1,13,2,1,,2,1,1,3,2,,2,,1,1,,6,,1,2,5,,2,2,2,,,,,,,,,,,,,,,,,,,,,,,,,,,,,,,,,,,,,,,,,,,,,,,,,,,,1,2,,1,3,1,4,2,,,1,3,6,,3,1,1,1,1,2,4,4,2,4,1,2,4,2,2,2,2,4,1,1,1,1
3,201,124,2025-03-18,17,1,1,9,1,,,1,,1,1,6,,2,4,,2,3,,5,2,,2,1,3,4,1,1,3,,1,,2,6,,1,1,2,3,1,,2,3,1,8,hospital,1,,1,4,6,,1,2,2,,,,,,,,1,16,2,,1,2,,2,,1,1,2,2,1,4,1,1,1,1,2,3,2,2,2,1,2,1,1,2,1,1,1,1,2,1,4,2,1,3,1,1,2,1,1,1,2,,2,,1,3,1,,,1,3,3,4,1,1,1,2,2,1,5,5,2,5,1,5,5,4,2,4,2,2,2,1,2,2
6,588,36,2025-03-19,16,1,1,6,2,,,1,,1,1,6,,2,3,,2,2,,,2,,4,1,2,2,1,1,2,,2,,,,,,,,,2,,,,1,1,,,,2,,5,,2,2,2,,,,,,,,,,,,,,,,,,,,,,,,,,,,,,,,,,,,,,,,,,,,,,,,2,2,2,2,1,2,,2,,1,4,1,5,,1,3,4,4,1,1,1,2,2,2,4,4,4,4,2,4,4,2,2,2,2,2,2,2,2,2
6,587,36,2025-03-19,13,1,1,10,1,,,1,,1,1,6,,2,3,,2,2,,7,2,,3,1,2,2,1,1,2,,1,12,2,1,,3,2,2,2,2,,,,1,1,,,,2,,5,,2,2,2,,,,,,,,,,,,,,,,,,,,,,,,,,,,,,,,,,,,,,,,,,,,,,,,2,2,2,2,1,2,,2,,1,4,1,5,,1,3,4,4,1,1,1,2,2,2,4,4,4,4,2,4,4,2,2,2,2,2,2,2,2,2
6,586,36,2025-03-19,13,1,1,7,1,,,1,,1,1,1,,2,3,,2,2,,5,2,,3,1,2,2,1,1,4,,2,,,,,,,,,2,,,,,,,,,,,,,,,,,,,,,,,,,,,,,,,,,,,,,,,,,,,,,,,,,,,,,,,,,,,,,,,2,2,2,2,1,,,2,,1,4,1,5,,1,,,,,,,,2,1,2,2,4,4,2,2,4,2,2,2,2,2,2,2,2,2
1,46,4,2025-03-19,17,2,1,13,1,,,1,,1,1,5,,4,1,,2,1,,5,1,,4,1,1,3,1,1,2,,,,,,,,,,,,,,,,,,,,,,,,,,,,,,,,,,,,,,,,,,,,,,,,,,,,,,,,,,,,,,,,,,,,,,,,,,2,2,2,2,1,2,,2,5,4,5,3,,,2,4,6,,1,1,1,1,4,,,,,,,,,,,,1,2,2,2,2,2
1,47,4,2025-03-19,17,2,2,,,,14,1,,4,1,7,,2,1,,2,2,,,1,,3,1,1,3,1,1,2,,,,,,,,,,,,,,,,,,,,,,,,,,,,,,,,,,,,,,,,,,,,,,,,,,,,,,,,,,,,,,,,,,,,,,,,,,2,2,,,1,2,,2,,4,5,3,,,2,4,6,,3,1,1,1,4,,2,2,2,4,2,2,2,1,2,2,2,2,2,2,1,2
1,48,4,2025-03-19,19,1,2,,,,14,1,,2,1,5,,2,4,,2,1,,5,1,,4,1,1,3,2,1,2,,1,,2,1,,4,2,2,2,3,,,,1,1,,,,2,,3,,1,2,2,1,2,1,2,1,1,1,1,19,2,,,2,,2,,2,2,1,1,2,,1,1,1,1,1,3,2,2,2,2,2,1,1,1,1,1,1,1,4,1,3,1,1,3,1,2,,2,1,1,2,,2,,1,5,2,,,1,3,6,3,1,1,1,1,2,1,4,2,1,5,1,2,2,1,1,2,2,2,1,1,1,1
1,49,4,2025-03-19,17,1,2,,,,8,1,,2,2,5,,,8,,2,1,,6,1,,4,1,1,2,1,1,2,,1,13,2,1,,2,2,2,3,2,,,,2,,,,,2,,,,2,2,2,2,,,,,,,2,,,,,,,,,,,,,,,,,,,,,,,,,,,,,,,,,,,,,,,,2,2,2,2,1,2,,1,4,4,4,2,,,1,4,6,,3,1,1,1,4,,4,4,2,4,1,2,1,1,2,1,2,2,1,4,1,2
1,50,4,2025-03-19,18,2,1,13,1,,,1,,1,1,6,,2,1,,2,2,,7,1,,2,1,3,3,1,1,4,,,,,,,,,,,,,,,,,,,,,,,,,,,2,,,,,,,,,,,,,,,,,,,,,,,,,,,,,,,,,,,,,,,,,,,,,,,2,2,2,2,1,2,,2,,3,5,3,,,1,4,6,,1,1,1,1,2,,4,2,2,4,2,2,2,1,2,2,2,2,1,2,1,2
2,187,13,2025-03-19,20,2,2,,,,11,1,,2,1,5,,2,4,,2,4,,1,1,,3,2,3,2,1,1,2,,,,,,,,,,,1,,1,1,1,4,,1,,2,,5,,1,1,1,2,,,,,,,2,,,,,,,,,,,,,,,,,,,,,,,,,,,,,,,,,,,,,,,,2,3,2,1,3,2,,1,4,1,3,1,2,,1,2,4,3,1,1,2,2,2,,4,3,4,4,1,1,1,2,1,1,2,2,2,1,2,1
2,192,13,,18,1,2,,,,11,1,,5,1,6,,2,4,,2,2,,5,1,,4,1,2,2,2,1,2,,1,13,2,5,,2,1,1,3,2,,,,1,5,,,,1,4,5,,1,2,2,1,1,2,2,2,2,2,2,,,,,,,,,,,,,,,,,,,,,,,,,,,,,,,,,,,,,,,,2,,2,1,1,2,,2,,1,3,2,4,,1,4,6,,1,1,1,1,2,2,5,5,4,5,2,4,5,2,1,1,2,1,1,1,2,1
2,186,13,2025-03-19,20,1,2,,,,11,1,,5,1,6,,2,3,,2,2,,5,2,,3,1,2,4,4,1,3,,1,,2,5,,2,1,2,1,3,,2,7,1,1,,8,,1,4,6,,1,1,1,1,1,1,2,1,1,2,2,,,,,,,,,,,,,,,,,,,,,,,,,,,,,,,,,,,,,,,,1,2,1,1,1,2,,2,,1,3,1,,,1,3,4,4,1,1,1,1,1,2,4,1,4,4,2,2,2,1,2,1,2,2,2,1,1,1
2,189,13,2025-03-19,18,2,2,,,,11,1,,5,1,7,,2,5,,2,1,,8,2,,4,1,1,2,2,1,2,,,,,,,,,,,2,,,,1,1,,,,2,,3,,1,2,2,3,,,,,,,,,,,,,,,,,,,,,,,,,,,,,,,,,,,,,,,,,,,,,,,2,,2,1,1,2,,2,,1,3,2,3,,2,4,4,4,3,2,1,1,1,2,4,4,4,5,2,2,2,1,2,4,2,1,1,2,1,1
2,185,13,2025-03-19,18,1,2,,,,11,1,,5,1,6,,2,8,,2,2,,9,1,,4,1,1,2,2,1,2,,1,15,2,1,,3,1,1,3,2,,,,1,4,,,,2,,5,,2,2,2,2,,,,,,,2,,,,,,,,,,,,,,,,,,,,,,,,,,,,,,,,,,,,,,,,2,,1,1,1,2,,2,,1,3,2,4,,1,4,4,,1,1,1,2,1,2,4,4,5,5,2,2,5,4,2,1,2,1,1,1,1,1
2,184,13,2025-03-19,18,1,1,9,1,,,1,,1,1,7,,2,3,,2,2,,8,2,,3,1,3,2,1,1,2,,1,13,1,3,,2,1,2,1,2,,,,2,,,,,1,5,5,,1,2,2,,,,,,,,2,,,,,,,,,,,,,,,,,,,,,,,,,,,,,,,,,,,,,,,,2,2,2,2,1,2,,2,,1,5,2,,,2,3,3,4,1,1,1,1,1,1,4,2,4,4,1,4,3,2,4,1,2,2,1,3,1,1
1,56,4,2025-03-20,17,1,1,7,1,,,1,,1,1,6,,2,5,,2,1,,,1,,3,1,2,2,2,1,2,,2,,,,,,,,,2,,,,,,,,,1,4,5,,2,2,2,,,,,,,,,,,,,,,,,,,,,,,,,,,,,,,,,,,,,,,,,,,,,,,,1,2,1,1,1,2,,2,,1,3,1,4,,1,4,6,,1,1,1,1,2,1,3,3,1,5,2,3,3,4,,2,2,2,2,2,2,1
1,59,4,2025-03-20,19,1,2,,,,14,1,,2,2,7,,2,4,,2,4,,7,1,,4,1,1,2,1,1,2,,1,13,2,1,,2,1,1,3,1,15,3,7,1,4,,1,,1,5,3,,1,2,2,,,,,,,,2,,,,,,,,,,,,,,,,,,,,,,,,,,,,,,,,,,,,,,,,1,2,2,2,3,2,,1,5,1,2,1,5,,2,3,3,4,1,1,1,1,2,1,1,1,3,4,2,2,2,1,2,2,1,2,2,2,2,1
1,51,4,2025-03-19,18,2,2,,,,14,1,,4,1,6,,2,4,,2,2,,,1,,3,1,3,3,1,1,2,,,,,,,,,,,3,,3,7,2,7,,8,,3,8,8,,3,3,3,3,,,,,,,2,,,,,,,,,,,,,,,,,,,,,,,,,,,,,,,,,,,,,,,,3,2,3,2,1,2,,3,5,4,5,3,,,2,4,4,4,1,1,1,1,4,1,1,4,1,4,1,2,2,1,1,1,2,2,2,1,2,1
1,41,3,2025-03-20,18,1,2,,,,14,1,,5,1,6,,2,4,,2,3,,6,1,,4,1,1,2,1,1,2,,1,15,2,1,,2,2,2,1,2,,,,1,4,,,,1,5,5,,2,1,2,,,,,,,,2,,,,,,,,,,,,,,,,,,,,,,,,,,,,,,,,,,,,,,,,1,2,1,2,1,2,,2,,1,4,1,4,,2,4,3,4,1,1,1,2,,1,5,5,3,5,2,3,3,2,2,2,2,4,3,4,4,4
1,42,3,2025-03-20,19,2,2,,,,14,1,,5,2,6,,2,4,,2,3,,,1,,4,1,2,3,1,1,2,,,,,,,,,,,1,,3,7,2,7,,1,,2,5,5,,1,2,2,2,,,,,,,2,,,,,,,,,,,,,,,,,,,,,,,,,,,,,,,,,,,,,,,,1,2,3,2,1,1,3,2,,1,3,1,4,,2,4,4,3,1,1,2,1,2,1,1,1,3,2,5,1,1,2,3,4,2,4,2,3,2,3
1,43,3,2025-03-20,16,1,1,9,1,,,1,,1,1,6,,2,4,,2,4,,,2,,3,1,1,3,1,1,2,,1,15,2,1,,2,2,2,3,2,,,,2,,,,,1,5,5,,2,,2,,,,,,,,2,,,,,,,,,,,,,,,,,,,,,,,,,,,,,,,,,,,,,,,,1,2,3,2,1,2,,2,,1,4,1,5,,2,4,4,4,1,1,1,2,3,1,5,3,3,5,1,2,2,2,3,4,2,3,4,3,4,3
1,53,4,2025-03-19,18,1,2,,,,14,1,,2,4,6,,2,3,,2,2,,,1,,4,1,1,3,1,1,2,,1,15,2,1,,2,1,1,1,1,16,3,3,1,5,,8,,1,4,3,,1,3,2,1,1,2,1,1,2,2,1,16,2,,1,3,,3,3,1,1,2,2,1,1,1,1,1,2,2,2,2,3,3,4,1,1,1,3,1,1,2,1,2,2,4,2,2,2,1,3,2,3,2,1,2,,3,5,4,5,3,,,2,4,6,,3,3,3,3,4,,5,4,2,2,2,2,2,4,2,1,3,2,2,3,2,2
1,52,4,2025-03-19,17,1,2,,,,14,3,,4,1,6,,2,4,,2,2,,,1,,5,1,1,3,1,1,2,,1,15,2,1,,2,1,1,1,2,,,,2,7,,,,1,1,3,,2,2,2,3,,,,,,,2,,,,,,,,,,,,,,,,,,,,,,,,,,,,,,,,,,,,,,,,1,1,1,1,1,2,,2,,4,5,3,,,2,4,6,,1,1,1,1,4,,4,2,2,4,1,2,2,1,2,2,2,2,2,2,2,2
1,55,4,2025-03-19,18,1,2,,,,14,3,,4,1,5,,4,3,,2,2,,,1,,4,1,1,3,1,1,2,,1,16,2,1,,2,1,1,3,1,16,3,3,1,5,,8,,2,5,8,,2,2,2,3,,,,,,,1,16,2,,1,2,,1,3,2,2,2,2,1,1,1,,1,1,1,2,2,2,2,1,2,2,1,3,1,1,1,1,2,1,1,2,2,2,3,2,2,,,1,2,5,3,5,4,4,3,,,,4,6,,1,1,1,1,4,,4,2,2,3,3,2,2,2,2,2,2,2,2,2,2,2
1,57,4,2025-03-20,19,1,2,,,,14,1,,4,2,6,,2,3,,2,2,,,1,,4,1,1,3,1,1,2,,1,16,2,1,,2,1,1,3,3,,3,7,1,5,,8,,3,8,8,,3,3,3,3,,,,,,,1,16,2,,,2,,3,3,2,1,1,1,1,1,1,1,1,1,1,2,2,2,2,1,2,1,1,3,1,1,1,1,3,1,2,2,2,2,1,2,2,1,1,1,2,,,,1,4,1,,,2,3,4,4,1,1,1,1,4,1,5,1,1,4,1,2,2,1,2,2,2,2,2,2,2,2
1,61,4,2025-03-20,17,2,2,,,,14,1,,4,1,5,,4,4,,2,2,,,1,,3,1,1,3,1,1,2,,,,,,,,,,,3,,3,7,2,7,,8,,3,8,8,,3,3,3,3,,,,,,,2,,,,,,,,,,,,,,,,,,,,,,,,,,,,,,,,,,,,,,,,2,2,2,2,1,2,,2,5,4,5,3,,,2,4,6,4,1,1,1,3,4,,1,4,2,4,1,2,2,1,1,1,2,2,2,1,2,1
1,54,4,2025-03-19,18,2,2,,,,14,3,,4,1,6,,4,3,,2,2,,,1,,4,1,1,3,1,1,2,,,,,,,,,,,2,,,,2,7,,,,2,5,,,2,2,,3,,,,,,,2,,,,,,,,,,,,,,,,,,,,,,,,,,,,,,,,,,,,,,,,3,2,1,1,1,1,4,1,4,1,3,2,,,1,4,4,4,1,1,1,1,4,1,1,4,2,4,1,2,2,1,1,1,2,2,2,2,2,2
1,60,4,2025-03-20,16,2,1,11,1,,,1,,1,1,6,,2,4,,2,2,,6,1,,3,1,1,3,1,1,2,,,,,,,,,,,2,,2,6,2,7,,7,,2,5,8,,2,2,2,2,,,,,,,2,,,,,,,,,,,,,,,,,,,,,,,,,,,,,,,,,,,,,,,,3,2,3,2,1,2,5,3,5,4,5,3,,,2,4,6,,3,3,3,3,4,2,2,2,2,4,2,4,2,1,2,2,2,2,2,2,2,2
1,58,4,2025-03-20,19,2,2,,,,14,1,,4,1,5,,2,5,,2,2,,,1,,4,1,1,3,1,1,2,,,,,,,,,,,3,,,7,,7,,8,,3,8,8,,3,3,3,3,,,,,,,2,,,,,,,,,,,,,,,,,,,,,,,,,,,,,,,,,,,,,,,,2,2,1,1,1,2,,2,,1,3,3,,,1,3,4,4,1,1,1,1,4,,2,2,2,4,3,2,2,1,1,1,2,2,2,2,2,2
4,309,20,2025-03-19,18,1,1,9,1,,,1,,4,1,5,,2,3,,2,2,,4,1,,4,1,1,1,1,1,4,,1,15,2,7,"local market, health clinic, school",4,2,2,2,2,,,,,,,,,,,,,,,,,,,,,,,,,,,,,,,,,,,,,,,,,,,,,,,,,,,,,,,,,,,,,,,2,2,2,2,,,,2,,1,3,1,4,,1,4,6,,3,1,1,2,2,2,5,3,3,5,5,5,5,1,1,2,1,1,1,1,1,1
4,308,20,2025-03-19,18,1,1,11,1,,,1,,4,1,5,,2,3,,2,1,,6,1,,4,1,1,2,1,1,3,,1,16,2,7,"local market, friend, school",2,2,2,2,2,,,,1,1,,6,,2,,6,,1,2,2,,,,,,,,,,,,,,,,,,,,,,,,,,,,,,,,,,,,,,,,,,,,,,,,2,2,3,1,2,1,4,1,4,1,3,1,4,,1,3,3,4,1,1,1,2,2,2,5,3,3,5,5,4,4,1,1,1,1,1,1,1,1,1
4,312,20,2025-03-19,20,1,1,,1,,,1,,4,1,6,,2,4,,2,3,,3,2,,3,3,2,3,2,1,1,,1,,2,1,,1,1,2,1,2,,,,,,,,,,5,6,,1,2,2,2,,,,,,,,,,,,,,,,,,,,,,,,,,,,,,,,,,,,,,,,,,,,,,,2,2,2,1,1,2,,2,,1,4,2,,,1,4,3,4,3,2,1,2,1,2,4,3,2,4,1,2,4,2,1,1,1,1,1,3,2,1
4,325,21,2025-03-19,13,1,1,7,1,,,1,,1,1,7,,2,4,,2,4,,4,1,,4,1,1,3,3,1,2,,2,,,,,,,,,,,,,,,,,,,,,,,,,,,,,,,,,,,,,,,,,,,,,,,,,,,,,,,,,,,,,,,,,,,,,,,,1,2,1,1,1,,,2,,1,4,1,,,1,3,3,4,1,1,2,1,2,1,5,5,1,5,2,5,5,2,2,2,2,2,2,2,2,1
4,327,21,2025-03-10,14,1,1,8,,,,1,,1,1,6,,2,4,,2,4,,6,2,,4,1,3,3,1,1,3,,,,,,,,,,,,,,,,,,,,,,,,,,,,,,,,,,,,,,,,,,,,,,,,,,,,,,,,,,,,,,,,,,,,,,,,,,1,2,1,1,1,2,,2,,1,5,1,,,1,3,4,4,1,1,2,1,2,1,1,2,4,4,4,2,4,2,2,2,2,2,2,2,2,1
4,328,21,2025-03-19,14,1,1,8,,,,,,1,1,6,,,4,,2,4,,6,2,,4,1,3,3,3,1,4,,,,,,,,,,,,,,,,,,,,,,,,2,2,2,,,,,,,,,,,,,,,,,,,,,,,,,,,,,,,,,,,,,,,,,,,,,,,,1,2,1,1,1,2,,2,,1,4,1,,,1,3,3,4,1,1,2,1,2,2,5,5,1,5,1,5,4,2,1,2,2,2,2,2,2,1
4,329,21,2025-03-19,14,1,1,8,1,,,1,,1,1,6,,2,4,,2,3,,4,2,,3,1,3,3,1,1,3,,2,,,,,,,,,,,,,,,,,,,,,,,,,,,,,,,,,,,,,,,,,,,,,,,,,,,,,,,,,,,,,,,,,,,,,,,,1,2,1,1,1,2,,2,,1,4,1,,,1,3,3,3,1,1,2,1,2,1,4,5,4,5,2,5,4,3,2,2,2,2,2,2,2,1
4,330,21,2025-03-19,16,2,1,9,1,,,1,,1,1,6,,2,4,,2,3,,8,2,,3,1,3,3,1,1,2,,,,,,,,,,,,,,,,,,,,,,,,,,,,,,,,,,,,,,,,,,,,,,,,,,,,,,,,,,,,,,,,,,,,,,,,,,1,2,1,1,1,2,,2,,1,4,1,,,1,3,3,4,1,1,1,1,1,2,5,5,4,2,2,4,5,2,2,2,2,2,2,2,2,1
4,331,21,2025-03-19,15,2,,9,1,,,3,,1,1,6,,2,4,,2,3,,,2,,3,1,3,3,1,1,3,,,,,,,,,,,,,,,,,,,,,,,,,,,,,,,,,,,,,,,,,,,,,,,,,,,,,,,,,,,,,,,,,,,,,,,,,,1,2,1,1,1,2,,,,1,4,1,,,,,,,,,,,,,3,2,5,5,2,2,5,2,2,2,2,2,2,2,2,1
6,606,36,2025-03-20,19,2,2,,,,11,1,,5,1,7,,2,3,,2,2,,,1,,3,1,2,2,1,1,2,,,,,,,,,,,2,,,,1,2,,6,,2,,1,,2,2,2,2,,,,,,,,,,,,,,,,,,,,,,,,,,,,,,,,,,,,,,,,,,,,,,,2,2,2,1,1,2,,2,,1,4,1,4,,1,4,6,,1,1,2,1,2,,1,2,2,3,2,2,1,2,2,2,2,2,2,2,2,2
6,607,36,2025-03-20,19,2,2,,,,11,1,,5,1,7,,2,2,,2,2,,,2,,2,1,2,2,1,1,2,,,,,,,,,,,2,,,,1,1,,6,,2,,1,,2,2,2,2,,,,,,,2,,,,,,,,,,,,,,,,,,,,,,,,,,,,,,,,,,,,,,,,2,2,2,1,2,2,,1,5,1,2,1,4,,1,4,6,,,1,1,2,1,1,1,2,2,3,2,1,2,2,2,2,2,2,2,2,2,2
6,605,36,2025-03-20,18,2,2,,,,11,1,,5,1,5,,2,5,,2,2,,,3,,5,1,2,2,3,1,2,,,,,,,,,,,2,,2,,1,1,,6,,2,,1,,2,2,2,,,,,,,,,,,,,,,,,,,,,,,,,,,,,,,,,,,,,,,,,,,,,,,,2,2,2,1,1,2,,2,,1,4,1,5,,1,4,6,,1,1,2,2,1,1,1,1,3,4,3,2,2,2,2,2,2,2,2,2,2,2
6,604,36,2025-03-20,19,2,2,,,,11,3,,5,1,5,,2,3,,2,2,,,1,,3,1,2,2,1,1,3,,,,,,,,,,,2,,,,1,1,,6,,2,,1,,2,2,2,,,,,,,,,,,,,,,,,,,,,,,,,,,,,,,,,,,,,,,,,,,,,,,,2,2,2,1,1,2,,2,,1,4,2,5,,1,4,6,,1,1,1,2,2,2,2,1,3,4,3,2,2,2,2,2,2,2,2,2,2,2
6,602,36,2025-03-20,14,1,1,6,1,,,1,,1,1,7,,2,3,,2,2,,,1,,3,1,2,2,1,1,3,,1,11,2,1,,3,1,2,2,2,,,,1,,,6,,2,,1,,2,2,2,,,,,,,,,,,,,,,,,,,,,,,,,,,,,,,,,,,,,,,,,,,,,,,,2,2,2,1,1,2,,2,,1,4,1,5,,1,4,6,,1,1,1,2,2,1,2,2,4,4,2,4,3,2,2,2,2,2,2,2,2,2
6,603,36,2025-03-20,13,1,1,7,1,,,1,,1,1,6,,2,3,,2,2,,,1,,3,1,2,2,1,1,2,,2,,,,,,,,,2,,2,,1,,,6,,2,,1,,2,2,2,,,,,,,,,,,,,,,,,,,,,,,,,,,,,,,,,,,,,,,,,,,,,,,,2,2,2,2,1,2,,2,,1,4,1,5,,1,4,6,,3,1,1,2,1,1,4,4,2,4,2,4,2,2,2,2,2,2,2,2,2,2
6,607200,36,2025-03-20,14,1,1,8,1,,,1,,1,1,7,,2,3,,2,2,,,1,,3,1,2,2,1,1,3,,1,10,2,1,,3,1,2,2,2,,,,1,,,6,,2,,1,,2,2,2,,,,,,,,2,,,,,,,,,,,,,,,,,,,,,,,,,,,,,,,,,,,,,,,,2,2,2,1,1,2,,2,,1,4,1,5,,1,4,6,,,1,1,2,2,2,2,4,2,4,2,4,3,2,2,2,2,2,2,2,2,2
3,292,19,2025-03-20,17,1,1,9,1,,,1,,1,1,6,,2,4,,2,2,,8,1,,4,1,2,2,1,1,2,,1,14,2,7,"local market, ngo",4,1,2,2,2,,2,,1,,,,,1,2,,,1,2,2,,,,,,,,,,,,,,,,,,,,,,,,,,,,,,,,,,,,,,,,,,,,,,,,2,2,2,1,1,2,,2,,1,4,1,4,,1,3,3,4,3,1,1,2,1,1,5,2,4,4,1,4,2,2,1,2,2,2,1,1,1,2
3,293,19,2025-03-20,17,1,1,10,1,,,1,,1,1,6,,2,4,,2,2,,4,1,,4,1,1,2,1,1,2,,1,12,2,1,,3,2,1,2,2,,2,,1,,,,,2,,5,,2,,2,,,,,,,,,,,,,,,,,,,,,,,,,,,,,,,,,,,,,,,,,,,,,,,,2,2,2,1,1,2,,2,,1,3,1,,,1,3,4,4,1,1,1,2,1,1,4,4,4,5,1,4,2,1,1,2,2,2,1,1,1,1
2,159,11,2025-03-19,16,1,1,11,1,,,1,,1,1,1,,2,4,,2,2,,4,4,,3,1,3,3,1,1,1,,1,,2,5,,2,2,2,2,2,,2,,2,7,,,,2,,5,,2,,2,,,,,,,,,,,,,,,,,,,,,,,,,,,,,,,,,,,,,,,,,,,,,,,,2,2,2,1,2,2,,2,,1,4,1,3,,2,4,6,,1,1,1,2,2,2,4,4,2,4,1,4,4,2,1,1,1,2,1,1,1,1
2,157,11,2025-03-19,14,2,1,6,1,,,1,,1,1,6,,6,5,,2,1,,4,1,,5,1,2,2,2,1,2,,,,,,,,,,,2,,3,,2,7,,,,2,,5,,1,2,2,,,,,,,,,,,,,,,,,,,,,,,,,,,,,,,,,,,,,,,,,,,,,,,,2,2,2,2,1,2,,2,,1,5,2,3,,2,4,6,,1,1,1,2,1,2,1,1,2,2,2,2,3,1,1,1,1,1,1,1,1,1
2,156,11,2025-03-19,15,2,1,6,1,,,1,,1,1,6,,6,5,,1,1,,4,1,,5,1,2,2,2,1,2,,,,,,,,,,,3,,2,,2,7,,,,2,,5,,1,2,2,,,,,,,,,,,,,,,,,,,,,,,,,,,,,,,,,,,,,,,,,,,,,,,,2,2,2,2,1,2,,2,,1,4,2,3,,2,4,6,,1,1,1,2,1,2,2,2,2,3,2,2,2,2,2,1,2,1,1,1,1,1
3,173,12,2025-03-19,15,1,1,4,1,,,1,,1,1,5,,6,5,,1,1,,4,1,,4,1,3,3,3,1,1,,1,11,2,1,,4,1,2,2,2,,,,1,1,,,,1,5,7,fear of being disowned by their parents,2,2,2,2,,,,,,,2,,,,,,,,,,,,,,,,,,,,,,,,,,,,,,,,,,,,,,,,1,2,1,1,1,2,,2,,1,5,1,3,,2,3,3,4,1,1,1,2,2,1,5,5,5,5,2,5,5,1,1,1,2,2,2,1,2,2
2,174,12,2025-03-19,13,1,1,6,2,,,3,,1,1,5,,4,1,,2,2,,4,2,,3,1,3,2,1,1,2,,1,13,2,1,,4,1,1,2,2,,,,1,,,,,2,,,fear of being disowned by their parents,1,2,2,2,,,,,,,2,,,,,,,,,,,,,,,,,,,,,,,,,,,,,,,,,,,,,,,,1,2,1,1,3,2,,2,,2,5,1,,,1,4,6,,1,1,1,2,2,,5,5,5,5,2,5,5,2,2,2,2,2,2,1,2,1
2,175,12,2025-03-19,17,1,1,7,1,,,1,,1,1,7,,4,2,,2,2,,9,2,,3,1,1,2,3,1,2,,1,14,2,1,,2,1,2,3,2,,,,1,,,,,2,,,,1,2,2,2,,,,,,,2,,,,,,,,,,,,,,,,,,,,,,,,,,,,,,,,,,,,,,,,2,2,1,1,1,2,,2,,1,5,2,3,,2,4,6,,1,1,1,2,1,,5,5,5,5,2,5,5,4,1,2,2,2,1,1,1,1
1,45,3,2025-03-20,19,1,2,,,,14,1,,2,2,5,,2,6,,2,1,,4,1,,4,1,1,2,1,1,2,,1,15,2,1,,2,1,2,1,1,15,2,7,1,4,,1,,1,5,2,,1,2,2,,,,,,,,2,,,,,,,,,,,,,,,,,,,,,,,,,,,,,,,,,,,,,,,,1,2,2,2,2,2,,1,3,1,2,1,3,,2,4,3,4,1,1,1,1,2,1,5,5,3,5,1,2,2,2,3,4,2,3,3,2,2,3
1,44,3,2025-03-20,17,1,1,10,1,,,1,,1,1,6,,2,4,,2,4,,,2,,3,1,1,3,1,1,2,,1,13,2,1,,2,1,2,1,2,,,,1,4,,,,1,5,,,1,2,2,,,,,,,,2,,,,,,,,,,,,,,,,,,,,,,,,,,,,,,,,,,,,,,,,1,2,3,2,1,2,,2,,1,2,1,3,,2,4,3,4,1,1,1,2,2,1,5,3,1,5,1,2,2,2,3,4,2,4,3,2,2,3
5,30300,,2025-03-20,15,1,2,,,,7,1,,5,1,1,,2,3,,2,4,,4,1,,4,1,1,3,1,1,2,,1,,2,5,,4,2,1,1,2,,,,1,5,,7,family planning,1,4,3,,1,2,2,1,1,2,1,2,1,1,1,12,2,,,1,,1,1,1,1,1,2,1,1,1,1,1,1,1,2,2,2,1,1,2,2,2,1,1,1,1,1,2,1,4,1,2,2,1,1,1,1,1,1,2,,2,,1,2,1,4,,1,3,3,2,1,1,2,1,1,2,5,5,4,5,5,4,5,1,2,1,2,1,2,2,3,2
5,1010,25,2025-03-20,18,2,2,,,,,,,,,,,,4,,1,4,,5,1,,4,1,1,2,1,1,2,,,,,,,,,,,,,,,,,,,,,,,,,,,,,,,,,,,,,,,,,,,,,,,,,,,,,,,,,,,,,,,,,,,,,,,,,,1,1,2,1,3,2,5,1,4,3,3,2,,,1,3,4,4,1,1,1,2,1,1,4,1,4,4,1,2,4,1,1,2,2,1,2,1,2,4
5,1011,25,2025-03-20,15,1,1,9,2,,,1,,1,1,6,,2,2,,2,3,,6,1,,4,1,1,2,2,2,2,,1,,2,1,,4,1,2,1,2,,2,,2,,,,,2,,3,,2,2,2,,,,,,,,,,,,,,,,,,,,,,,,,,,,,,,,,,,,,,,,,,,,,,,,1,2,2,1,3,2,,1,3,1,3,1,3,,1,4,6,,1,1,1,1,4,1,2,1,1,5,1,5,2,1,1,1,1,1,1,1,1,1
5,1012,25,2025-03-20,17,1,1,10,2,,,1,,1,1,6,,2,3,,2,2,,6,2,,3,1,1,3,1,1,2,,1,,2,3,,2,1,2,1,2,,,,2,,,,,2,,5,,2,2,2,,,,,,,,,,,,,,,,,,,,,,,,,,,,,,,,,,,,,,,,,,,,,,,,1,2,2,1,1,2,,2,,1,2,1,3,,2,4,6,,2,1,1,3,1,1,3,4,3,1,3,2,2,2,2,1,1,1,4,2,1,1
5,1013,25,2025-03-20,15,1,2,,,,12,1,,5,3,6,,6,5,,2,2,,3,2,,3,1,1,3,1,1,2,,1,,2,1,,2,1,2,1,1,18,2,6,2,,,5,,2,,4,,2,2,2,1,1,1,2,1,1,2,1,18,2,,,3,,3,,2,2,1,1,2,,1,1,1,1,2,2,2,2,2,2,2,1,2,1,1,1,2,1,2,1,2,2,3,2,3,1,1,1,1,1,2,,2,,1,4,1,,,2,3,2,3,3,3,1,2,1,,,,,,,,,,,,1,1,1,1,1,1
5,28,,2025-03-20,16,1,1,10,,,,1,,1,2,2,,2,3,,2,2,,5,1,,4,1,3,,,1,2,,1,,1,1,,1,1,2,1,2,,1,7,1,4,,8,,1,4,2,,1,1,2,,,,,,,,,,,,,,,,,,,,,,,,,,,,,,,,,,,,,,,,,,,,,,,,1,2,1,1,1,2,5,2,5,1,2,1,,,1,4,6,,,1,1,1,1,1,4,5,4,5,1,5,5,1,1,1,2,1,2,1,1,1
5,1014,28,2025-09-20,18,1,2,,,,,1,,2,3,6,,2,3,,2,2,,6,1,,4,1,,,,1,2,,1,,1,1,,1,1,2,2,1,18,1,7,1,8,hospital,8,,2,5,8,,2,1,1,3,,,,,,,,,,,,,,,,,,,,,,,,,,,,,,,,,,,,,,,,,,,,,,,1,2,1,1,1,2,5,2,5,1,4,1,,,1,3,2,3,2,1,2,2,1,2,5,2,2,5,1,4,4,1,2,1,3,3,2,1,2,1
2,115,8,2025-03-20,13,1,1,7,2,,,1,,1,1,6,,2,3,,2,1,,6,1,,5,1,1,2,1,1,2,,1,12,2,1,,4,2,2,2,2,,2,6,1,5,,6,,2,5,,,2,2,2,2,,,,,,,2,,,,,,,,,,,,,,,,,,,,,,,,,,,,,,,,,,,,,,,,2,2,2,2,1,2,5,2,5,2,3,2,4,,2,4,3,,2,1,1,1,2,2,5,4,4,4,1,5,4,1,1,2,2,1,1,1,1,1
2,114,8,2025-03-20,16,1,1,7,2,,,1,,1,1,7,,2,3,,2,2,,6,1,,4,1,1,1,1,1,2,,1,13,2,1,,2,1,2,2,2,,2,6,1,1,,6,,1,1,2,,2,2,2,2,,,,,,,2,,,,,,,,,,,,,,,,,,,,,,,,,,,,,,,,,,,,,,,,2,2,2,1,1,2,5,2,5,2,3,1,4,,1,3,3,3,1,1,1,1,2,2,5,5,4,5,2,2,2,2,1,4,2,1,1,1,1,1
2,113,8,2025-03-20,18,2,2,,,,14,1,,3,1,6,,2,2,,2,3,,7,2,,3,1,2,3,1,1,1,,,,,,,,,,,2,,2,,1,5,,,,2,,8,,1,2,2,,,,,,,,,,,,,,,,,,,,,,,,,,,,,,,,,,,,,,,,,,,,,,,,3,3,1,1,1,2,,2,,1,3,2,4,,1,3,4,,1,1,1,3,2,,3,4,3,5,2,4,4,2,1,1,2,1,2,1,3,1
2,171,12,2025-03-19,15,2,1,10,1,,,1,,1,2,6,,2,1,,2,2,,6,1,,4,1,1,3,3,1,2,,,,,,,,,,,1,,2,1,1,1,,1,,2,,,,2,2,2,,,,,,,,,,,,,,,,,,,,,,,,,,,,,,,,,,,,,,,,,,,,,,,,1,2,1,1,1,2,,1,2,1,3,1,,,2,4,6,,1,1,1,2,1,,3,2,5,5,2,2,2,2,1,2,1,1,1,1,1,1
2,172,12,2025-03-19,16,1,1,9,2,,,1,,1,1,7,,2,1,,2,2,,5,1,,4,1,2,3,3,1,2,,1,11,2,1,,4,1,2,2,2,,,,1,1,,,,1,5,5,,2,2,2,2,,,,,,,2,,,,,,,,,,,,,,,,,,,,,,,,,,,,,,,,,,,,,,,,1,1,1,1,1,2,,1,3,2,3,1,3,,1,4,6,3,1,1,1,2,2,1,5,5,5,5,2,5,5,2,2,2,2,2,1,1,1,1
6,600,36,2025-03-20,14,1,1,7,1,,,1,,1,1,6,,2,3,,2,2,,7,1,,3,1,2,2,1,1,4,,1,12,2,1,,3,1,2,2,2,,,,1,,,6,,2,,,,2,2,2,2,,,,,,,2,,,,,,,,,,,,,,,,,,,,,,,,,,,,,,,,,,,,,,,,2,2,2,2,1,2,,2,,1,4,1,5,,1,4,6,,1,1,1,2,2,2,4,3,2,4,2,3,2,2,2,2,2,2,2,2,2,2
6,589,36,2025-03-20,15,2,1,8,1,,,3,,1,1,5,,2,3,,2,2,,6,2,,3,1,2,2,1,1,4,,,,,,,,,,,2,,,,1,,,6,,2,,,,2,2,2,2,,,,,,,2,,,,,,,,,,,,,,,,,,,,,,,,,,,,,,,,,,,,,,,,2,2,2,2,1,2,,2,,1,4,1,5,,1,4,6,,1,1,1,2,2,1,4,2,2,4,2,4,2,2,2,2,2,2,2,2,2,2
1,7,1,2025-03-19,19,1,2,,,,,1,,5,1,2,,2,2,,2,3,,,1,,3,1,3,3,1,1,3,,1,15,2,1,,2,1,1,2,2,,,,,,,,,,,,,,,,,,,,,,,,,,,,,,,,,,,,,,,,,,,,,,,,,,,,,,,,,,,,,,,1,2,1,1,1,,,2,,1,3,1,4,,1,4,6,,1,3,1,3,2,1,5,3,1,5,2,2,3,2,2,2,2,2,2,2,2,2
1,8,1,2025-03-19,19,1,2,,,,14,1,,5,1,6,,2,1,,2,2,,4,1,,3,1,2,3,1,1,1,,1,17,2,5,,2,1,1,1,2,,,,,,,,,,,,,,,,,,,,,,,,,,,,,,,,,,,,,,,,,,,,,,,,,,,,,,,,,,,,,,,1,,1,1,1,,,1,4,1,3,1,4,,2,3,4,4,1,1,1,1,2,1,4,3,1,5,1,1,3,4,3,4,4,2,4,3,2,2
1,9,1,2025-03-19,18,1,2,,,,14,1,,5,1,6,,2,1,,2,4,,5,1,,3,1,2,2,1,1,1,,1,16,2,5,,2,1,2,1,2,,,,,,,,,,,,,,,,,,,,,,,,,,,,,,,,,,,,,,,,,,,,,,,,,,,,,,,,,,,,,,,2,,2,2,1,,,2,,1,5,1,4,,2,4,6,,1,1,1,1,2,1,1,3,1,5,1,2,3,4,2,2,2,2,2,2,2,2
1,10,1,2025-03-19,13,1,1,3,1,,,1,,1,1,6,,2,3,,2,3,,,1,,3,1,1,3,1,1,3,,2,,,,,,,,,2,,,,2,7,,6,,2,,,,2,2,2,,,,,,,,,,,,,,,,,,,,,,,,,,,,,,,,,,,,,,,,,,,,,,,,2,,2,2,1,2,,2,,1,5,1,4,,2,4,6,,3,3,3,3,2,,5,3,1,5,3,3,3,4,1,2,2,4,2,2,2,1
1,11,1,2025-03-19,13,1,1,4,1,,,1,,1,1,6,,2,1,,2,3,,,2,,3,1,3,3,1,1,5,,2,,,,,,,,,2,,,,,,,,,,,,,2,2,2,,,,,,,,,,,,,,,,,,,,,,,,,,,,,,,,,,,,,,,,,,,,,,,,2,,2,2,1,,,2,,1,5,1,4,,2,4,6,,3,3,3,3,2,,3,3,1,5,2,3,3,4,1,2,2,4,2,2,2,1
1,12,1,2025-03-19,16,1,1,12,1,,,1,,1,1,6,,6,5,,2,2,,6,1,,3,1,2,2,1,1,2,,1,15,2,5,,2,1,1,2,2,,2,,2,,,,,1,5,,,,,2,3,,,,,,,2,,,,,,,,,,,,,,,,,,,,,,,,,,,,,,,,,,,,,,,,2,1,1,1,1,2,,1,4,2,3,1,4,,1,3,4,4,2,1,1,1,4,1,5,2,1,5,1,2,1,4,2,2,2,2,2,2,1,2
4,342,22,,20,1,2,,,,14,1,,4,1,1,,2,2,,2,3,,2,5,,4,1,3,3,1,1,3,,1,14,2,1,,1,1,1,2,1,18,2,3,2,1,,1,,2,5,3,,1,2,3,,,,,,,,,,,,,,,,,,,,,,,,,,,,,,,,4,1,1,1,1,1,1,1,1,4,2,4,2,1,3,3,2,2,2,2,1,2,,2,,1,4,2,4,,2,4,6,,3,3,2,3,1,2,4,5,3,3,2,4,4,2,2,2,2,1,1,1,2,2
2,154,11,2025-03-19,20,2,2,,,,14,1,,5,1,1,,1,1,,1,2,,5,5,,3,1,3,3,1,1,4,,,,,,,,,,,,,,,,,,,,,,,,,,,2,,,,,,,2,,,,,,,,,,,,,,,,,,,,,,,,,,,,,,,,,,,,,,,,2,2,2,2,1,2,5,2,5,3,3,2,3,,2,4,6,,1,2,1,1,1,2,4,2,4,4,2,4,4,1,1,2,2,1,1,4,1,1
2,153,11,2025-03-19,19,1,2,,,,11,1,,5,1,6,,6,6,,2,2,,7,1,,4,1,1,2,1,1,2,,1,,2,1,,4,2,2,2,1,17,2,7,1,5,,1,,1,1,2,,1,2,2,,,,,,,,1,18,2,,,2,,2,,1,2,1,2,1,4,1,1,1,1,1,3,2,2,2,1,2,1,1,2,1,1,1,1,4,2,1,1,1,3,1,1,2,1,1,1,2,,2,,1,3,1,4,,1,4,3,4,1,1,1,1,1,2,5,1,4,5,1,5,5,2,2,2,2,2,1,1,1,1
2,152,11,2025-03-19,15,1,1,12,1,,,1,,1,1,6,,2,1,,1,1,,5,2,,4,1,,2,1,1,2,,1,,2,5,,2,1,2,2,2,,2,,2,7,,,,2,,5,,1,2,2,,,,,,,,2,,,,,,,,,,,,,,,,,,,,,,,,,,,,,,,,,,,,,,,,2,2,2,,1,2,,2,,1,4,3,4,,2,4,6,,3,3,1,3,2,1,4,4,2,5,2,4,4,1,1,1,1,1,1,1,1,1
2,150,11,2025-03-19,20,1,2,,,,14,1,,5,1,6,,2,3,,2,3,,4,2,,4,1,2,3,1,1,2,,1,,2,5,,2,1,2,2,2,,2,7,2,7,,6,,2,5,5,,1,2,2,,,,,,,,2,,,,,,,,,,,,,,,,,,,,,,,,,,,,,,,,,,,,,,,,1,2,2,1,1,2,,2,,1,5,3,4,,1,4,4,,1,1,1,3,1,1,5,5,4,5,2,2,4,3,2,4,2,1,3,1,1,1
2,168,12,2025-03-19,20,1,2,,,,14,1,,4,1,6,,4,5,,2,2,,2,1,,3,1,3,3,3,1,2,,1,13,2,1,,4,1,2,2,2,,,,1,1,,,,2,,5,,2,2,2,2,,,,,,,2,,,,,,,,,,,,,,,,,,,,,,,,,,,,,,,,,,,,,,,,2,2,1,1,1,2,,2,,2,4,1,3,,1,3,3,3,1,1,1,2,2,1,5,5,5,5,2,5,5,1,2,1,2,2,2,2,1,2
2,167,12,2025-03-19,18,1,2,,,,14,1,,4,1,6,,2,3,,2,3,,5,2,,4,1,3,3,1,1,4,,1,14,2,1,,2,1,2,1,2,,,,1,1,,,,2,,,,2,2,2,2,,,,,,,2,,,,,,,,,,,,,,,,,,,,,,,,,,,,,,,,,,,,,,,,2,2,1,2,1,2,,2,,1,4,1,3,,1,3,3,4,1,1,1,1,2,1,5,5,4,5,4,2,4,2,2,2,2,1,1,2,1,1
4,367,23,,17,1,2,,,,,1,,5,1,7,,2,1,,2,1,,8,2,,3,3,3,3,2,1,3,,1,13,,1,,2,2,2,2,2,,2,,2,1,,,,2,5,6,,2,2,2,2,,,,,,,2,,,,,,,,,,,,,,,,,,,,,,,,,,,,,,,,,,,,,,,,2,2,2,2,1,2,,2,5,1,4,2,,,2,4,6,,,3,,2,1,2,,,,,,,,,,,1,1,1,1,1,1
5,1015,27,,18,1,2,,,,,,,,,,,,,,,,,,,,,,,,,,,,,,,,,,,,,,,,,,,,,,,,,,,,,,,,,,,,,,,,,,,,,,,,,,,,,,,,,,,,,,,,,,,,,,,,,,,,,,,,,,,,,,,,,,,,,,,,,,,,,,,,,,,,,,4,2,,,,
5,1016,27,2025-03-19,20,1,,,,,,,,,1,,,,,,,,,,,,,,,,,,,,,,,,,,,,,,,,,,,,,,,,,,,,,2,,,,,,,1,19,1,2,2,2,6,1,1,1,1,1,1,,1,1,1,1,1,1,1,2,2,2,1,1,1,1,1,1,1,1,1,4,1,1,2,1,1,1,1,1,1,1,1,2,5,2,5,1,3,2,,,1,1,3,3,1,1,1,1,,,2,,,,,,,,,,2,4,,,,
3,613,16,2025-03-10,20,1,2,,,,11,1,,4,1,5,,2,3,,2,2,,,6,,3,1,3,3,1,1,1,,1,14,2,5,,2,2,1,1,2,,,,1,5,,,,1,5,5,,2,2,2,,,,,,,,2,,,,,,,,,,,,,,,,,,,,,,,,,,,,,,,,,,,,,,,,1,2,1,1,1,2,,2,,1,2,1,4,,2,3,3,4,1,1,1,2,2,1,5,4,3,4,2,3,4,1,2,1,2,2,1,2,1,1
3,612,16,2025-03-20,16,1,1,9,1,,,1,,1,1,1,,2,3,,2,2,,8,1,,4,1,3,3,1,1,4,,1,12,2,5,,2,2,2,1,3,,3,6,2,7,,,,2,,5,,2,2,1,,,,,,,,,,,,,,,,,,,,,,,,,,,,,,,,,,,,,,,,,,,,,,,,2,2,1,2,1,2,,2,,1,3,1,4,,2,3,3,4,1,1,1,2,2,1,5,4,3,5,2,4,4,2,1,3,2,2,1,2,3,1
5,451,29,2025-03-18,17,2,1,10,1,,,1,,1,1,1,,2,2,,2,4,,5,2,,3,1,2,3,2,1,2,,,,,,,,,,,,,,,,,,,,,,,,,,,,,,,,,,,,,,,,,,,,,,,,,,,,,,,,,,,,,,,,,,,,,,,,,,1,1,1,1,1,2,,2,,1,2,1,,,2,3,3,,1,1,1,1,1,2,4,4,4,4,1,4,4,4,2,1,2,2,2,4,1,2
3,228,15,2025-03-19,20,1,,,,,,1,,4,1,7,,2,1,,2,4,,,2,,4,4,2,,,1,2,,1,17,2,1,,1,1,2,2,1,19,2,3,1,1,,1,,2,5,5,,1,2,2,,,,,,,,2,,,,,,,,,,,,,,,,,,,,,,,,,,,,,,,,,,,,,,,,2,2,2,1,1,2,,2,,1,4,1,1,,1,3,2,4,1,1,1,2,2,1,5,4,4,5,2,4,4,2,3,3,2,2,2,2,3,1
3,229,15,2025-03-19,13,1,1,9,1,,2,1,,1,1,6,,2,4,,2,4,,2,2,,3,1,1,,,1,1,,1,10,2,1,,,1,1,2,2,,2,,2,,,,,1,5,5,,1,2,2,,,,,,,,2,,,,,,,,,,,,,,,,,,,,,,,,,,,,,,,,,,,,,,,,1,2,1,1,1,2,,2,,1,4,1,5,,1,3,3,4,1,1,1,2,2,2,5,5,4,5,2,4,4,3,2,2,3,2,1,1,1,1
3,230,15,2025-03-19,15,2,1,8,2,,,3,,1,1,7,,2,1,,2,3,,3,1,,3,1,1,1,3,1,2,,,,,,,,,,,2,,,,2,,,,,2,,,,1,1,1,,,,,,,,,,,,,,,,,,,,,,,,,,,,,,,,,,,,,,,,,,,,,,,,1,2,1,1,1,2,,1,4,1,3,2,1,,,,,,,,,,,,5,2,2,1,2,2,2,2,2,1,2,2,1,3,3,3
5,439,28,2025-03-18,19,2,,,,,,1,,5,2,6,,2,3,,2,2,,5,1,,4,1,,,,1,2,,,,,,,,,,,,,,,,,,,,,,,,,,,,,,,,,,,,,,,,,,,,,,,,,,,,,,,,,,,,,,,,,,,,,,,,,,1,1,1,1,2,1,4,1,3,1,3,1,4,,2,2,4,,1,1,1,,2,1,4,5,4,4,2,5,4,2,2,2,2,2,,2,2,2
5,490,37,,20,1,2,,,,11,1,,5,1,8,mabali,2,1,,2,5,The toilet is still used as the bathroom,,1,,3,1,1,2,1,1,2,,1,14,2,1,,3,1,2,2,1,18,2,3,1,1,,3,,2,,7,All of the above,1,2,2,1,1,2,2,2,2,2,1,,1,20,,2,,1,2,2,1,2,2,1,3,1,6,,1,2,3,2,2,2,1,2,1,2,2,1,1,,,,,,,,,,,,,,,,,,,,,,,,,,,,,,,,,,,,,,,,,,,,4,2,4,2,1,2
4,352,22,2025-03-20,19,2,2,,,,11,1,,4,2,2,,3,3,,2,2,,3,2,,3,1,3,3,1,1,5,,,,,,,,,,,2,,2,,2,3,,6,,2,8,6,,2,2,2,1,1,2,2,2,2,2,2,,,,,,,,,,,,,,,,,,,,,,,,,,,,,,,,,,,,,,,,1,1,2,2,1,2,5,3,5,1,3,2,1,,2,4,6,,1,1,3,3,1,1,2,4,4,4,2,4,4,2,3,3,3,1,2,3,2,2
4,353,22,2025-03-20,20,1,2,,,,14,1,,5,1,1,,2,2,,2,2,,5,2,,3,1,3,3,1,1,3,,1,12,2,1,,2,2,2,1,2,,,6,2,7,,6,,2,5,6,,2,2,2,2,,,,,,,,,,,,,,,,,,,,,,,,,,,,,,,,,,,,,,,,,,,,,,,2,2,2,2,1,2,,2,,4,3,2,4,,2,4,6,,1,1,2,2,4,2,4,2,4,1,2,2,2,3,1,2,2,2,1,3,2,2
4,356,22,2025-03-20,19,1,2,,,,10,1,,5,3,1,,1,3,,2,2,,5,2,,3,1,1,3,,1,4,,1,14,2,1,,1,2,2,1,1,16,2,3,2,7,,5,,2,5,6,,2,2,2,1,1,1,1,1,1,2,1,16,1,,,2,,1,2,1,1,1,1,1,3,1,5,2,2,2,2,2,2,3,1,2,1,2,1,1,1,2,1,4,2,2,2,2,2,2,1,1,1,2,2,2,5,2,5,1,3,1,4,,2,3,1,3,1,1,1,1,1,1,3,1,2,4,1,2,2,2,1,2,3,2,2,1,2,2
4,355,22,2025-03-20,13,2,1,7,,,,1,,1,1,2,,3,2,,2,2,,3,5,,4,1,1,3,3,1,3,,,,,,,,,,,,,,,,,,,,,,,,,,,,,,,,,,,,,,,,,,,,,,,,,,,,,,,,,,,,,,,,,,,,,,,,,,2,2,2,2,1,2,,1,5,1,3,1,4,,2,4,6,,1,1,2,1,2,1,2,2,1,4,2,2,2,2,1,2,3,,2,2,2,3
4,354,22,2025-03-20,14,1,1,10,,,,1,,1,1,2,,3,3,,2,2,,4,5,,3,1,1,3,1,1,3,,1,12,2,1,,1,1,1,1,2,,2,6,1,6,,6,,2,5,,,2,2,2,2,,,,,,,,,,,,,,,,,,,,,,,,,,,,,,,,,,,,,,,,,,,,,,,1,3,1,2,1,2,,2,5,4,3,2,4,,2,4,6,,1,1,2,1,1,1,4,3,3,4,1,4,4,2,1,3,2,3,2,3,2,3
3,294,19,2025-03-20,19,2,2,,,,14,1,,2,1,6,,2,1,,2,3,,4,1,,4,1,1,2,2,1,2,,,,,,,,,,,1,,2,1,1,1,,1,,2,,6,,2,,2,2,,,,,,,,,,,,,,,,,,,,,,,,,,,,,,,,,,,,,,,,,,,,,,,2,2,2,1,1,2,,1,4,1,3,1,6,poverty,1,3,3,4,1,1,1,2,2,1,4,2,2,5,1,4,2,2,1,1,2,1,1,1,1,1
1,13,1,2025-03-20,19,1,2,,,,14,1,,5,1,7,,6,5,,5,1,,,1,,4,1,2,2,3,1,2,,1,16,2,1,,2,1,1,1,1,,2,2,1,5,,2,,1,4,5,,1,2,2,1,1,2,2,2,2,2,1,17,2,,1,2,,1,,1,1,1,2,1,4,2,6,,,2,2,2,2,1,3,2,1,1,1,1,1,1,1,4,2,1,1,1,2,1,1,1,1,1,2,2,,1,4,1,2,1,4,,2,3,4,4,1,1,1,1,2,1,3,2,1,5,2,3,3,4,2,2,2,2,3,2,2,1
1,14,1,2025-03-20,20,1,2,,,,14,1,,5,2,5,,2,5,,2,1,,,1,,3,1,2,2,3,1,2,,1,17,2,1,,2,1,1,1,2,,,,,,,,,,,,,2,2,2,,,,,,,,,,,,,,,,,,,,,,,,,,,,,,,,,,,,,,,,,,,,,,,,1,1,1,1,1,2,,2,,1,3,1,4,,2,4,4,4,1,1,1,1,2,1,3,2,1,5,2,3,3,4,2,2,2,3,4,4,3,2
1,15,1,2025-03-20,16,1,1,12,1,,,3,,1,1,6,,2,3,,2,3,,,1,,3,1,3,3,1,1,4,,1,14,2,5,,2,1,1,,1,,2,1,1,5,,8,,1,5,5,,1,2,2,3,,,,,,,1,15,2,,,1,,1,3,2,1,2,2,1,1,2,6,2,2,2,2,2,2,1,,,,,,,,,,,,,,,,,1,1,1,2,3,2,,1,4,1,2,1,4,,2,3,4,4,1,1,1,1,2,1,1,3,1,5,1,3,3,2,2,2,4,4,2,2,1,1
1,16,1,2025-03-20,17,1,,12,2,,,1,,1,1,6,,2,1,,2,1,,,2,,3,1,3,3,1,1,3,,1,15,2,1,,2,1,1,1,1,,1,2,1,5,,2,,1,3,5,,1,2,2,,,,,,,,,,,,,,,,,,,,,,,,,,,,,,,,,,,,,,,,,,,,,,,,1,1,1,2,1,2,,1,3,1,2,1,4,,2,3,4,3,1,1,1,1,2,1,5,3,1,5,3,3,1,4,4,2,4,3,2,2,4,3
1,17200,1,2025-03-20,14,1,1,7,1,,,3,,1,1,5,,2,1,,2,2,,,2,,3,1,3,3,1,1,1,,2,,,,,,,,,2,,,,,,,,,,,,,2,2,2,,,,,,,,,,,,,,,,,,,,,,,,,,,,,,,,,,,,,,,,,,,,,,,,1,1,1,2,1,2,,2,,1,5,1,4,,2,4,6,,2,3,,1,2,,5,3,1,5,3,3,3,4,2,2,2,4,2,2,1,1
3,271,18,2025-03-19,19,1,2,,,,11,1,,2,1,6,,2,8,,2,2,,7,6,,3,1,2,4,1,1,3,,1,,4,1,,2,1,1,2,2,,,,2,1,,,,2,,5,,1,1,2,,,,,,,,,,,,,,,,,,,,,,,,,,,,,,,,,,,,,,,,,,,,,,,,1,1,1,1,1,2,,1,,1,3,1,4,,1,3,4,4,1,1,1,2,2,2,2,1,1,5,3,2,2,2,2,1,1,2,2,2,1,1
3,265,18,2025-03-19,20,2,,,,,,1,,2,1,6,,2,1,,2,3,,1,1,,3,1,1,1,2,1,2,,,,,,,,,,,,,,,,,,,,,,,,,,,,,,,,,,,,,,,,,,,,,,,,,,,,,,,,,,,,,,,,,,,,,,,,,,2,2,2,1,1,2,,1,3,1,3,2,1,,1,3,6,3,1,1,1,2,2,2,3,2,5,4,1,1,1,2,1,2,2,2,1,2,1,1
3,270,18,2025-03-19,19,1,1,,1,,,1,,5,1,7,,2,1,,2,2,,4,2,,3,1,1,3,1,1,4,,1,14,2,1,,1,1,2,2,2,,2,6,1,,,6,,2,5,,,2,2,2,,,,,,,,,,,,,,,,,,,,,,,,,,,,,,,,,,,,,,,,,,,,,,,,,,,,,,,,,,,,,,,,,,,,,,2,2,5,3,5,3,1,5,5,2,1,1,2,1,1,1,1,1
3,211,14,2025-03-19,17,2,1,9,1,,,1,,3,2,5,,2,1,,2,3,,7,1,,2,1,2,2,1,1,2,,,,,,,,,,,,,,,,,,,,,,,,,,,1,2,2,2,2,2,1,,,,,,,,,,,,,,,,,,,,,,,,,,,,,,,,,,,,,,,,,,,,,1,1,2,1,2,3,3,1,1,,1,1,2,3,1,1,2,1,2,2,1,1,1,1,3,1,1,3,1,3,4,2,1,2,2,1
3,209,14,2025-03-19,16,2,1,9,1,,,2,,1,2,7,,2,3,,2,4,,6,5,,5,3,1,4,1,1,4,,,,,,,,,,,,,,,,,,,,,,,,,,,,,,,,,,,,,,,,,,,,,,,,,,,,,,,,,,,,,,,,,,,,,,,,,,,,,,1,1,2,1,1,4,3,2,3,,1,1,3,,1,1,2,2,1,2,4,2,4,4,2,5,5,2,2,1,2,1,2,2,2,1
3,207,14,2025-03-19,17,1,2,,,,,1,,4,1,8,,5,8,,5,2,,6,1,,3,1,3,2,1,4,2,,1,16,2,1,,1,1,1,2,1,,2,4,1,1,,1,,3,1,2,,2,1,1,,,,,,,,1,16,2,,1,2,1,2,2,2,1,1,2,1,4,1,1,1,2,2,2,2,2,2,1,2,1,1,1,1,2,2,1,4,1,1,2,2,2,2,2,2,1,1,1,2,1,2,1,2,1,2,,,2,3,3,2,2,2,2,2,2,2,3,4,5,5,3,5,4,2,2,2,1,2,1,1,2,2
3,210,14,2025-03-19,18,1,1,11,1,,,1,,1,1,6,,2,4,,2,4,,7,2,,2,1,2,3,1,1,4,,1,,3,4,,1,1,1,1,1,17,2,4,1,1,,1,,2,,,,1,2,1,,,,,,,,,,,,,,,,,,,,,,,,,,,,,,,,,,,,,,,,,,,,,,,,2,,,,,,,,,,,,,,2,4,4,4,1,1,2,1,2,2,5,1,1,1,1,1,1,2,2,2,2,2,2,1,2,1
3,205,14,2025-03-19,19,1,2,,,,,1,,5,1,6,,2,1,,2,2,,5,2,,2,1,3,3,1,1,4,,1,,2,2,,1,2,1,1,2,,,,,,,,,1,3,1,,1,2,2,,,,,,,,,,,,,,,,,,,,,,,,,,,,,,,,,,,,,,,,,,,,,,,,2,,1,1,1,2,,2,,1,2,1,1,,1,3,4,4,1,1,1,1,2,1,5,5,4,5,1,4,4,2,2,2,2,2,2,2,2,1
3,202,14,2025-03-19,17,1,1,9,1,,,1,,1,1,6,,2,4,,2,3,,5,2,,2,1,3,4,1,1,3,,1,,2,6,,1,1,2,3,1,,2,3,1,8,Hospital,1,,1,4,6,,1,2,2,,,,,,,,1,16,2,,1,2,,2,,1,1,2,2,1,4,1,1,1,1,2,3,2,2,2,1,2,1,1,2,1,1,1,1,2,2,4,2,1,3,1,1,2,2,1,1,2,,2,,1,3,1,5,,2,3,4,4,1,1,1,1,2,1,5,5,2,5,1,5,4,2,2,2,2,2,2,1,1,2
3,208,14,2025-03-19,19,1,1,10,5,school of deaf,,1,,1,1,1,,2,3,,2,2,,5,2,,3,1,3,3,1,1,4,,1,,3,4,,2,1,1,1,1,3,2,3,1,,,1,,1,5,2,,2,2,2,,,,,,,,,,,,,,,,,,,,,,,,,,,,,,,,,,,,,,,,,,,,,,,,,,,,,,,2,,1,5,1,4,,1,4,4,,1,1,1,1,2,1,4,5,3,4,2,1,4,2,2,2,2,2,1,1,1,1
4,366,23,2025-03-19,13,1,1,,1,,,1,,1,1,7,,2,1,,2,1,,8,2,,3,3,2,2,2,1,2,,1,11,2,1,,2,2,2,2,2,,2,,2,,,,,2,8,6,,2,3,3,2,,,,,,,2,,,,,,,,,,,,,,,,,,,,,,,,,,,,,,,,,,,,,,,,2,2,2,2,1,2,,2,,1,4,2,,,2,4,6,,2,2,1,2,1,2,4,4,4,4,2,2,2,1,2,1,1,1,1,1,1,1
4,365,23,2025-03-19,18,1,2,,,,,1,,5,3,6,,2,1,,2,1,,3,2,,3,3,2,2,2,1,4,,1,13,2,1,,2,2,2,2,2,,2,,1,2,,,,2,5,6,,1,2,2,3,,,,,,,1,18,2,,1,2,,2,,2,2,1,2,2,,1,1,2,1,2,3,2,2,2,1,2,1,2,2,1,1,1,1,,1,2,2,2,3,2,2,2,2,2,1,2,,2,,1,4,2,4,,2,4,2,3,3,1,1,2,1,2,4,4,4,4,2,2,2,1,1,2,1,1,1,1,1,1
4,364,23,2025-03-19,18,1,1,,,,,1,,1,1,7,,2,1,,2,1,,5,5,,3,3,2,3,2,1,3,,1,13,2,1,,2,2,2,2,2,,2,,2,,,,,2,5,6,,1,2,2,3,,,,,,,2,,,,,,,,,,,,,,,,,,,,,,,,,,,,,,,,,,,,,,,,2,2,2,2,1,2,,2,,1,4,2,,,2,4,6,,3,,1,2,1,2,4,2,4,5,1,2,4,2,1,1,1,1,1,1,1,1
4,391,24,,17,1,,,1,,,3,,4,1,5,,6,1,,2,2,,,3,,4,2,,1,4,,4,,1,,2,1,,2,2,,1,2,,2,,2,,,,,2,,3,,2,2,3,,,,,,,,,,,,,,,,,,,,,,,,,,,,,,,,,,,,,,,,,,,,,,,,1,,2,1,1,,,3,5,1,5,3,4,,2,4,6,,,1,1,2,2,2,5,5,5,3,1,5,3,1,1,1,1,2,1,1,2,2
4,387,24,,14,1,2,,,,9,3,,4,1,2,,2,1,,1,1,,,2,,2,1,3,2,3,1,4,,1,,2,1,,1,2,2,1,2,,2,,2,7,,,,2,,3,,2,2,2,,,,,,,,,,,,,,,,,,,,,,,,,,,,,,,,,,,,,,,,,,,,,,,,2,3,2,2,1,2,,2,,4,3,2,2,,2,4,6,,1,1,2,3,1,2,3,3,5,3,2,3,3,3,1,2,2,2,1,2,3,1
4,390,24,,19,2,2,,,,12,3,,4,1,2,,2,2,,2,2,,,2,,3,1,4,3,1,1,4,,,,,,,,,,,2,,2,7,2,,,,,2,1,,,2,2,2,,,,,,,,,,,,,,,,,,,,,,,,,,,,,,,,,,,,,,,,,,,,,,,2,2,3,2,2,1,2,,3,5,1,3,2,4,,2,4,6,,2,3,3,,3,2,1,2,1,1,1,1,2,1,3,2,2,2,1,3,3,1
4,388,24,,15,1,2,,,,7,1,,4,1,1,,2,3,,1,1,,3,7,no job for the dad,3,1,2,3,1,4,4,,1,,2,2,,3,2,2,2,2,,2,,2,4,,,,2,,8,,2,,2,2,,,,,,,,,,,,,,,,,,,,,,,,,,,,,,,,,,,,,,,,,,,,,,,1,2,2,2,3,2,,2,,1,5,1,4,,2,4,6,,,1,3,3,1,,3,1,1,2,3,4,3,1,2,2,2,2,3,1,1,1
4,389,24,,19,2,2,,,,14,1,,5,1,6,,6,2,,1,3,,,5,,4,3,3,3,1,4,4,,,,,,,,,,,,,,,,,,,,,,,,,,,2,,,,,,,,,,,,,,,,,,,,,,,,,,,,,,,,,,,,,,,,,,,,,,,2,3,2,2,1,2,,2,,1,3,1,1,,2,4,4,4,1,1,2,3,1,1,2,2,1,3,1,3,2,2,2,1,1,2,1,2,1,1
4,314,20,2025-03-20,18,2,1,11,1,,11,1,,5,1,7,,2,3,,2,2,,3,2,,4,1,1,2,1,1,1,,,,,,,,,,,,,,,,,,,,,,,,,,,,,,,,,,,,,,,,,,,,,,,,,,,,,,,,,,,,,,,,,,,,,,,,,,1,1,1,1,1,2,,1,3,1,3,1,4,,1,4,3,4,1,1,1,2,2,2,3,3,5,5,3,3,1,1,1,1,1,1,1,1,2,1
2,194,13,2025-03-20,19,1,,,,,11,1,,5,1,6,,2,4,,2,,,8,1,,3,1,1,2,1,1,2,,1,13,2,3,,2,1,2,1,2,,,,1,5,,,,1,3,5,,2,2,2,,,,,,,,,,,,,,,,,,,,,,,,,,,,,,,,,,,,,,,,,,,,,,,,1,2,1,1,1,2,,2,,1,3,1,4,,1,3,4,4,1,1,1,2,2,2,5,5,4,5,1,5,5,1,2,1,2,1,2,1,1,1
2,196,13,2025-03-20,19,2,,,,,11,3,,5,1,6,,2,2,,2,2,,7,2,,3,1,1,2,1,1,2,,,,,,,,,,,1,,2,2,1,2,,1,,1,3,5,,1,2,2,2,,,,,,,,,,,,,,,,,,,,,,,,,,,,,,,,,,,,,,,,,,,2,,,,1,2,1,1,1,2,,2,,1,3,1,4,,1,3,4,4,1,1,1,2,2,2,5,5,4,5,1,5,5,1,2,2,2,1,1,2,1,1
3,298,19,2025-03-20,19,1,1,11,2,,,3,,1,2,6,,2,5,,2,1,,3,1,,4,1,,1,1,1,2,,1,14,2,7,"local market, ngo, and school",4,2,1,2,1,14,2,3,1,,,1,,2,,,,1,2,2,,,,,,,,2,,,,,,,,,,,,,,,,,,,,,,,,,,,,,,,,,,,,,,,,2,2,2,1,1,2,,2,,1,2,1,,,1,3,4,4,1,1,1,2,2,1,4,3,3,4,1,2,2,1,2,1,1,2,1,1,1,1
4,317,20,2025-03-20,17,2,1,10,1,,10,3,,4,2,7,,2,2,,2,2,,6,1,,,1,1,2,1,1,2,,,,,,,,,,,2,,2,,1,,,6,,2,2,6,,1,2,2,,,,,,,,2,,,,,,,,,,,,,,,,,,,,,,,,,,,,,,,,,,,,,,,,2,2,2,1,1,2,,1,4,1,3,1,,,1,4,6,,1,1,1,3,1,,5,5,5,4,2,3,3,1,1,1,1,1,2,1,,1
4,357,22,2025-03-20,17,1,1,10,,,,1,,1,1,2,,3,1,,2,3,,4,5,,3,1,1,3,3,1,3,,1,14,2,1,,1,2,1,1,2,,2,6,1,1,,6,,2,5,3,,2,2,2,2,,,,,,,,,,,,,,,,,,,,,,,,,,,,,,,,,,,,,,,,,,,,,,,1,2,2,2,1,2,,2,5,1,3,2,4,,1,4,6,,1,1,1,1,1,1,4,4,3,4,1,4,4,3,2,3,2,3,2,3,3,2
1,94,7,2025-03-19,17,1,1,8,1,,,1,,1,1,6,,4,1,,2,2,,3,2,,3,1,3,3,1,1,2,,1,,2,5,,1,1,2,2,2,,3,6,1,5,,6,,2,5,8,,1,2,2,3,,,,,,,2,,,,,,,,,,,,,,,,,,,,,,,,,,,,,,,,,,,,,,,,1,2,3,2,1,2,5,2,5,4,5,3,,,2,4,6,,3,3,3,3,1,2,3,3,3,3,3,3,3,2,1,3,1,3,2,3,3,2
2,1017,10,2025-03-20,14,1,1,8,,,,1,,1,1,7,,2,2,,2,3,,,2,,3,,1,3,1,1,9,gas and charcoal/coal,2,,,,,,,,,2,,2,6,1,,,6,,2,5,5,,2,2,2,2,,,,,,,2,,,,,,,,,,,,,,,,,,,,,,,,,,,,,,,,,,,,,,,,2,2,2,1,1,2,,2,,1,5,2,1,,1,4,6,,1,1,1,2,1,2,4,4,4,4,1,4,4,1,1,1,1,1,1,1,1,1
5,465,30,,19,1,1,,,,,1,,5,1,6,,2,4,,2,2,,6,1,,3,4,1,3,1,1,2,,1,,2,1,,2,1,1,2,1,18,2,3,1,5,,1,,1,2,,,1,3,3,1,1,2,2,1,1,2,2,,,,,,,,,,,,,,,,,,,,,,,,,,,,,,,,,,,,,,,,,,,,2,2,,1,4,1,2,1,5,,1,3,4,4,1,1,1,1,1,2,5,5,4,5,1,5,5,2,3,2,2,4,2,2,2,3
3,614,16,2025-03-20,16,1,1,10,1,,,1,,1,1,1,,2,3,,2,2,,4,2,,3,1,2,2,1,1,2,,1,,2,6,,2,1,2,1,2,,,,1,1,,,,2,,5,,2,,1,,,,,,,,,,,,,,,,,,,,,,,,,,,,,,,,,,,,,,,,,,,,,,,,2,2,1,2,1,2,,2,,1,4,1,5,,2,4,4,,1,1,1,1,1,1,2,2,2,5,3,4,4,2,2,2,2,2,2,2,2,2
3,611,16,2025-03-20,13,1,1,7,2,,,1,,1,1,6,,2,2,,2,4,,6,6,,2,1,2,4,1,1,4,,1,12,2,5,,2,2,2,1,2,,,6,2,7,,,,2,,5,,2,2,1,,,,,,,,2,,,,,,,,,,,,,,,,,,,,,,,,,,,,,,,,,,,,,,,,2,2,1,2,1,2,,2,,1,4,1,4,,2,3,4,,1,1,1,2,2,1,5,4,3,5,3,4,3,1,1,2,2,2,1,2,3,1
2,143,10,,17,2,1,9,,,,1,,1,1,6,,2,1,,2,3,,3,2,,4,1,3,3,1,1,2,,,,,,,,,,,2,,2,7,1,1,,6,,2,5,5,,2,2,2,2,,,,,,,2,,,,,,,,,,,,,,,,,,,,,,,,,,,,,,,,,,,,,,,,2,2,2,2,1,2,,2,,4,5,2,,,2,4,6,,1,1,1,2,1,1,5,4,4,4,2,4,4,1,1,1,1,1,1,1,1,1
2,138,10,,17,2,1,10,2,,,1,,1,2,7,,2,3,,2,2,,6,1,,4,1,2,4,1,1,2,,,,,,,,,,,1,,2,1,1,1,,5,,2,5,5,,2,2,2,2,,,,,,,2,,,,,,,,,,,,,,,,,,,,,,,,,,,,,,,,,,,,,,,,2,2,2,1,1,2,,1,2,1,2,2,4,,1,3,3,4,1,1,1,1,4,,2,2,2,3,2,2,2,1,1,1,2,1,4,1,2,2
2,141,10,,14,1,1,8,,,,1,,1,1,6,,2,4,,2,3,,8,1,,4,1,3,3,1,1,2,,2,,,,,,,,,2,,2,7,2,7,,6,,2,5,,,2,2,2,2,,,,,,,2,,,,,,,,,,,,,,,,,,,,,,,,,,,,,,,,,,,,,,,,2,2,2,2,1,2,,2,,4,4,2,,,2,4,6,,1,1,3,3,1,2,4,3,2,4,2,4,4,1,1,1,1,1,1,1,1,1
2,142,10,,15,2,1,9,,,,1,,1,1,6,,2,4,,2,3,,6,1,,4,1,3,3,1,1,2,,,,,,,,,,,2,,2,7,1,4,,6,,2,5,5,,2,2,2,2,,,,,,,2,,,,,,,,,,,,,,,,,,,,,,,,,,,,,,,,,,,,,,,,2,2,2,2,1,2,,2,,4,5,2,,,2,4,6,,1,1,1,2,1,2,1,2,3,4,2,2,4,1,1,1,1,1,1,1,1,1
4,381,24,,14,1,2,,,,13,2,,3,2,1,,2,4,,2,3,,,2,,3,2,1,2,1,2,2,,1,,1,3,,3,2,2,2,3,,3,4,2,7,,5,,2,,4,,2,2,2,,,,,,,,,,,,,,,,,,,,,,,,,,,,,,,,,,,,,,,,,,,,,,,,2,2,2,2,1,2,5,3,5,4,2,3,4,,2,4,6,,1,2,2,2,4,,3,3,2,1,2,1,1,2,2,4,2,3,2,1,1,1
6,552,34,2025-03-20,17,1,2,,,,10,1,,4,1,6,,2,2,,2,2,,,2,,2,1,1,3,3,1,2,,1,,2,7,local market and NGO,,1,2,1,1,14,2,1,1,5,,3,,2,5,,,1,2,2,,,,,,,,1,15,2,,1,2,,1,,1,1,2,2,1,,1,1,1,1,1,3,2,2,2,1,2,1,1,2,1,1,1,1,4,1,1,1,2,3,1,2,2,1,1,1,,,2,,1,5,1,4,,1,3,3,,1,1,1,2,2,1,4,4,4,4,1,4,4,2,2,2,2,2,2,2,2,2
5,447,28,2025-03-19,15,1,,9,2,,,1,,1,2,6,,4,3,,2,2,,5,1,,4,1,3,,,1,2,,1,,1,1,,1,2,2,1,2,,2,7,1,4,,6,,1,5,2,,1,1,1,2,,,,,,,,,,,,,,,,,,,,,,,,,,,,,,,,,,,,,,,,,,,,,,,1,2,1,1,2,1,3,1,4,1,2,1,,,1,4,6,,,1,1,2,1,2,4,4,5,4,1,3,4,2,1,2,3,3,1,2,2,1
5,448,28,2025-03-19,16,1,2,,,,11,1,,5,2,5,,4,3,,2,2,,,1,,4,1,,,,1,2,,1,,1,1,,1,1,2,1,2,,2,7,1,4,,6,,1,5,2,,1,1,1,3,,,,,,,2,,,,,,,,,,,,,,,,,,,,,,,,,,,,,,,,,,,,,,,,2,2,,,2,1,4,1,4,1,3,1,,,1,4,6,,1,3,1,2,1,2,4,5,5,4,1,4,4,1,2,1,2,2,1,1,2,1
5,449,28,2025-03-19,18,2,2,,,,11,1,,5,2,6,,4,3,,2,2,,,1,,4,1,,,,1,2,,,,,,,,,,,,,,,,,,,,,,,,,,,,,,,,,,,,,,,,,,,,,,,,,,,,,,,,,,,,,,,,,,,,,,,,,,2,2,1,1,2,1,3,1,4,,2,1,4,,1,4,6,4,3,3,1,1,1,,4,4,4,4,3,4,5,1,2,1,2,2,3,1,3,1
5,450,28,2025-03-19,19,1,2,,,,11,1,,5,2,6,,4,3,,2,2,,,1,,4,1,,,,1,3,,1,,1,1,,2,1,2,2,2,,2,7,1,4,,8,,1,5,8,,3,3,3,2,,,,,,,,,,,,,,,,,,,,,,,,,,,,,,,,,,,,,,,,,,,,,,,1,1,3,1,2,,3,3,4,1,3,1,4,,1,4,6,,,3,3,1,1,1,4,5,4,5,1,5,5,1,2,1,2,1,1,1,1,1
5,451200,28,2025-03-19,16,1,,,,,,1,,1,2,5,,4,3,,2,2,,,1,,4,1,,,,1,2,,1,,1,1,,2,1,2,2,2,,2,4,1,4,,8,,1,5,2,,1,2,1,2,,,,,,,,,,,,,,,,,,,,,,,,,,,,,,,,,,,,,,,,,,,,,,,,,,,,,,,,,,,,,,,,,,,,,,,5,5,5,5,1,5,5,1,2,1,2,2,1,2,3,1
5,482,31,2025-03-19,20,1,2,,,,11,1,,5,1,6,,2,3,,2,2,,5,6,,3,1,3,3,1,1,4,,1,,2,2,,3,1,1,2,1,18,2,7,1,1,,3,,1,4,,,1,2,2,2,,,,,,,2,,,,,,,,,,,,,,,,,,,,,,,,,,,,,,,,,,,,,,,,2,2,2,1,1,2,,2,,1,5,1,,,1,4,3,,3,2,1,1,1,2,5,4,4,5,1,4,5,1,2,1,2,1,1,2,1,1
5,495,37,2025-03-19,20,1,2,,,,,2,,2,1,6,,2,2,,2,2,,2,1,,4,1,1,2,1,1,2,,1,14,1,1,,3,2,2,,1,17,1,1,1,3,,2,,2,,2,,1,2,2,2,,,,,,,2,,,,,,,,,,,,,,,,,,,,,,,,,,,,,,,,,,,,,,,,2,2,2,1,2,2,,2,,1,2,3,,,2,3,3,3,2,2,3,3,2,1,5,4,4,5,3,1,5,1,1,1,1,1,1,1,1,1
5,478,31,2025-03-19,20,1,2,,,,11,1,,5,3,6,,2,3,,2,2,,2,1,,3,1,,3,1,1,4,,,,,,,,,,,,,,,,,,,,,,,,,,,,,,,,,,,,,,,,,,,,,,,,,,,,,,,,,,,,,,,,,,,,,,,,,,2,2,2,1,2,1,3,1,4,1,5,3,4,,1,3,2,3,1,1,2,2,2,1,1,1,2,1,2,1,1,2,2,2,,2,4,3,2,2
5,479,31,2025-03-19,19,1,2,,,,11,1,,5,1,6,,2,3,,2,2,,6,6,,3,1,3,3,1,1,4,,1,,2,1,,3,1,1,2,1,17,2,5,1,1,,3,,1,4,,,1,2,2,2,,,,,,,2,,,,,,,,,,,,,,,,,,,,,,,,,,,,,,,,,,,,,,,,2,2,2,1,1,2,,2,,1,5,1,4,,1,4,3,4,3,2,1,1,1,2,5,4,4,5,1,4,5,1,2,1,2,1,2,2,2,1
5,481,31,2025-03-19,14,1,1,7,1,,,1,,1,1,7,,2,4,,2,4,,6,4,,3,1,3,3,1,1,2,,1,,1,1,,1,1,1,1,2,,2,,1,5,,6,,2,5,,,1,1,1,,,,,,,,2,,,,,,,,,,,,,,,,,,,,,,,,,,,,,,,,,,,,,,,,1,1,1,1,1,2,,1,3,1,5,1,5,,1,3,4,4,3,1,1,1,1,2,5,5,4,5,1,4,4,2,2,2,2,4,3,2,2,2
5,436,27,2025-03-19,19,1,1,7,2,,,5,,1,1,3,,4,7,,2,3,,,6,,3,3,1,4,1,2,2,,2,,,,,,,,,2,,2,7,1,3,,8,,1,,8,,1,1,2,2,,,,,,,2,,,,,,,,,,,,,,,,,,,,,,,,,,,,,,,,,,,,,,,,2,,3,1,1,2,5,3,5,4,2,1,4,,2,4,6,4,1,3,2,1,4,,2,2,2,2,1,2,2,1,2,1,4,4,1,2,1,2
6,543200,34,2025-03-19,20,1,2,,,,11,1,,1,1,7,,2,4,,2,2,,5,2,,3,1,1,1,1,1,4,,1,,2,1,,3,2,1,2,1,19,2,3,1,,,1,,1,1,,,1,2,2,,,,,,,,1,20,2,,,2,,2,,2,1,1,2,1,,1,1,1,1,1,2,2,2,2,,,,,,,,,,,,,,,,,1,1,1,1,1,2,,1,4,1,3,1,1,,1,3,3,3,1,1,1,1,2,1,5,5,5,5,1,1,5,2,2,2,2,2,2,2,2,1
6,543300,34,2025-03-19,19,1,2,,,,11,1,,1,1,6,,4,4,,1,3,,9,2,,3,1,1,3,1,1,4,,1,,2,1,,2,2,2,2,2,,2,6,1,1,,6,,2,5,,pressure from friends,1,2,2,2,,,,,,,2,,,,,,,,,,,,,,,,,,,,,,,,,,,,,,,,,,,,,,,,,2,1,1,1,2,,2,,4,3,3,6,family issue,1,4,4,4,3,1,1,1,2,1,4,2,4,4,2,2,4,1,1,1,2,3,1,1,2,2
2,123,9,2025-03-19,20,2,2,,,,,1,,5,1,6,,2,4,,4,4,,3,5,,3,1,1,3,1,1,2,,,,,,,,,,,1,,2,3,1,4,,1,,1,4,3,,2,2,2,2,,,,,,,,,,,,,,,,,,,,,,,,,,,,,,,,,,,,,,,,,,,,,,,1,1,1,1,1,1,3,1,3,1,3,1,3,,1,3,4,4,1,1,1,1,1,1,2,2,2,4,2,3,2,2,1,2,2,2,1,2,2,1
6,536,33,2025-03-19,14,2,1,,1,,7,1,,1,1,7,,2,2,,2,2,,,1,,3,1,2,2,1,1,9,Gas + Coal/Charcoal,,,,,,,,,,2,,2,,1,,,,,2,,,,2,2,2,,,,,,,,,,,,,,,,,,,,,,,,,,,,,,,,,,,,,,,,,,,,,,,,2,2,2,1,1,2,,2,,1,4,2,,,1,4,4,4,1,1,1,2,1,2,5,5,5,5,1,5,5,2,2,2,1,1,2,2,1,1
5,445,28,2025-03-19,17,1,2,,,,,1,,5,2,5,,4,2,,2,2,,,1,,4,1,3,,,1,3,,1,,1,1,,1,1,1,2,3,,3,4,1,3,,8,,2,8,8,,1,1,1,,,,,,,,2,,,,,,,,,,,,,,,,,,,,,,,,,,,,,,,,,,,,,,,,1,2,1,1,2,2,5,2,5,1,3,1,,,,,,,,,,,,,4,5,5,5,1,3,4,2,1,2,3,2,2,1,1,1
5,483,31,2025-03-19,18,1,2,,,,,1,,4,1,6,,2,3,,2,2,,5,6,,3,1,3,3,1,1,4,,1,,2,1,,3,1,1,2,2,,3,6,1,1,,3,,1,4,,,1,2,2,2,,,,,,,2,,,,,,,,,,,,,,,,,,,,,,,,,,,,,,,,,,,,,,,,2,2,2,1,1,2,,2,,1,5,1,3,,1,4,3,,3,2,1,1,1,2,5,4,4,5,1,4,5,1,2,1,2,1,2,2,2,1
5,436200,27,2025-03-19,15,1,1,7,1,,,1,,1,1,6,,2,3,,2,3,,,6,,3,2,3,1,1,1,2,,1,,1,3,,3,1,1,3,2,,2,6,,1,,6,,2,8,3,,1,1,2,2,,,,,,,,,,,,,,,,,,,,,,,,,,,,,,,,,,,,,,,,,,,,,,,2,1,3,1,1,2,5,3,5,4,2,2,4,,2,4,5,,3,3,3,3,4,1,4,2,2,2,2,2,2,1,1,1,1,1,1,1,1,1
5,433,27,2025-03-19,18,1,2,,,,7,1,,5,3,6,,2,3,,2,3,,5,6,,3,3,2,2,1,1,2,,1,,2,,,,,,,,,,,,,,,,,,,,,,,2,,,,,,,,,,,,,,,,,,,,,,,,,,,,,,,,,,,,,,,,,,,,,,,,,,,,,,,,,,,,,,,,,,,,,,,,,,,,,,,,,,,,,,
6,531,33,2025-03-20,19,1,,,3,,11,1,,5,1,7,,4,8,,2,2,,,2,,3,1,2,2,1,1,9,Gas + Coal/Charcoal,2,,,,,,,,,2,,2,,1,,,,,2,,,,2,2,3,,,,,,,,,,,,,,,,,,,,,,,,,,,,,,,,,,,,,,,,,,,,,,,,2,2,2,1,1,1,,2,,1,3,1,4,,1,4,4,4,1,1,1,2,3,1,5,5,5,5,1,5,5,2,2,2,1,2,2,1,2,1
5,441,28,2025-03-19,20,2,2,,,,,1,,5,2,6,,2,3,,2,2,,5,1,,3,1,2,,,1,2,,,,,,,,,,,,,,,,,,,,,,,,,,,,,,,,,,,,,,,,,,,,,,,,,,,,,,,,,,,,,,,,,,,,,,,,,,1,2,1,1,2,1,4,1,3,1,2,1,4,,1,3,6,,,1,1,2,1,2,4,5,5,5,3,4,4,3,3,1,2,1,1,1,2,1
5,427,24,2025-03-19,19,1,2,,,,13,1,,5,1,6,,2,3,,2,4,,9,3,,3,1,2,3,1,1,5,,1,,2,3,,1,1,1,3,2,,2,,1,2,,,,2,,5,,1,1,2,3,,,,,,,1,21,1,,7,2,,1,2,2,1,1,2,1,1,1,2,1,1,1,3,2,2,2,2,2,1,2,1,1,1,1,1,2,2,2,1,2,2,1,2,,2,1,1,2,,2,5,4,2,2,4,,2,4,6,,1,1,1,1,4,1,2,2,2,2,2,2,4,2,1,3,2,1,1,4,1,2
5,442,28,2025-03-19,19,1,1,,,,,1,,5,2,2,,4,3,,2,2,,,1,,3,1,3,,,1,3,,1,,1,1,,2,1,2,3,2,,3,4,1,4,,8,,1,5,5,,1,1,1,3,,,,,,,2,,,,,,,,,,,,,,,,,,,,,,,,,,,,,,,,,,,,,,,,1,2,1,1,3,2,5,1,4,1,3,1,4,,1,3,6,,1,1,1,2,1,1,5,5,4,4,2,4,4,2,2,1,2,1,1,2,1,1
4,382,24,,20,1,2,,,,,1,,5,1,1,,2,2,,1,1,,3,2,,4,1,2,3,1,1,2,,1,15,2,1,,4,2,2,3,1,17,2,3,2,7,,1,,3,,,,2,2,2,2,,,,,,,1,16,1,,2,2,1,2,2,2,2,1,1,1,2,1,1,1,1,1,2,2,2,2,1,2,1,1,3,1,1,1,1,3,1,2,1,2,3,1,2,,2,1,3,2,,2,,1,5,2,4,,1,4,6,,1,1,1,3,1,1,5,1,1,5,1,5,5,2,1,1,2,2,1,2,1,1
5,443,28,2025-03-19,16,1,2,,,,,1,,5,2,5,,2,3,,2,2,,,1,,4,1,3,,,1,3,,1,,5,4,,1,1,2,1,3,,2,3,2,7,,8,,2,5,2,,2,3,3,3,,,,,,,2,,,,,,,,,,,,,,,,,,,,,,,,,,,,,,,,,,,,,,,,2,2,1,1,2,1,3,1,4,1,2,1,4,,1,4,6,,3,1,1,2,1,1,4,5,4,5,1,5,4,3,2,1,2,1,1,2,2,1
5,444200,28,2025-03-19,15,2,1,10,2,,,1,,1,2,6,,4,4,,2,2,,,1,,4,1,2,,,1,2,,,,,,,,,,,,,,,,,,,,,,,,,,,,,,,,,,,,,,,,,,,,,,,,,,,,,,,,,,,,,,,,,,,,,,,,,,1,2,1,1,1,2,5,2,5,1,4,1,,,1,4,6,,1,1,1,2,1,,4,4,5,4,1,4,3,2,2,3,2,3,1,2,2,1
